date,store_id,sku_id,sku_name,category,unit_price,units_sold,revenue,promo_flag
2025-01-01,STR-BLR-01,SKU-1001,Organic Milk 1L,Dairy,68.0,24,1632.0,0
2025-01-02,STR-BLR-01,SKU-1001,Organic Milk 1L,Dairy,68.0,30,2040.0,0
2025-01-03,STR-BLR-01,SKU-1001,Organic Milk 1L,Dairy,68.0,31,2108.0,0
2025-01-04,STR-BLR-01,SKU-1001,Organic Milk 1L,Dairy,68.0,38,2584.0,0
2025-01-05,STR-BLR-01,SKU-1001,Organic Milk 1L,Dairy,68.0,36,2448.0,0
2025-01-06,STR-BLR-01,SKU-1001,Organic Milk 1L,Dairy,68.0,34,2312.0,0
2025-01-07,STR-BLR-01,SKU-1001,Organic Milk 1L,Dairy,68.0,46,3128.0,1
2025-01-08,STR-BLR-01,SKU-1001,Organic Milk 1L,Dairy,68.0,36,2448.0,0
2025-01-09,STR-BLR-01,SKU-1001,Organic Milk 1L,Dairy,68.0,33,2244.0,0
2025-01-10,STR-BLR-01,SKU-1001,Organic Milk 1L,Dairy,68.0,36,2448.0,0
2025-01-11,STR-BLR-01,SKU-1001,Organic Milk 1L,Dairy,68.0,35,2380.0,0
2025-01-12,STR-BLR-01,SKU-1001,Organic Milk 1L,Dairy,68.0,51,3468.0,1
2025-01-13,STR-BLR-01,SKU-1001,Organic Milk 1L,Dairy,68.0,33,2244.0,0
2025-01-14,STR-BLR-01,SKU-1001,Organic Milk 1L,Dairy,68.0,36,2448.0,0
2025-01-15,STR-BLR-01,SKU-1001,Organic Milk 1L,Dairy,68.0,29,1972.0,0
2025-01-16,STR-BLR-01,SKU-1001,Organic Milk 1L,Dairy,68.0,31,2108.0,0
2025-01-17,STR-BLR-01,SKU-1001,Organic Milk 1L,Dairy,68.0,28,1904.0,0
2025-01-18,STR-BLR-01,SKU-1001,Organic Milk 1L,Dairy,68.0,29,1972.0,0
2025-01-19,STR-BLR-01,SKU-1001,Organic Milk 1L,Dairy,68.0,32,2176.0,0
2025-01-20,STR-BLR-01,SKU-1001,Organic Milk 1L,Dairy,68.0,24,1632.0,0
2025-01-21,STR-BLR-01,SKU-1001,Organic Milk 1L,Dairy,68.0,24,1632.0,0
2025-01-22,STR-BLR-01,SKU-1001,Organic Milk 1L,Dairy,68.0,25,1700.0,0
2025-01-23,STR-BLR-01,SKU-1001,Organic Milk 1L,Dairy,68.0,27,1836.0,0
2025-01-24,STR-BLR-01,SKU-1001,Organic Milk 1L,Dairy,68.0,36,2448.0,1
2025-01-25,STR-BLR-01,SKU-1001,Organic Milk 1L,Dairy,68.0,29,1972.0,0
2025-01-26,STR-BLR-01,SKU-1001,Organic Milk 1L,Dairy,68.0,25,1700.0,0
2025-01-27,STR-BLR-01,SKU-1001,Organic Milk 1L,Dairy,68.0,25,1700.0,0
2025-01-28,STR-BLR-01,SKU-1001,Organic Milk 1L,Dairy,68.0,26,1768.0,0
2025-01-29,STR-BLR-01,SKU-1001,Organic Milk 1L,Dairy,68.0,26,1768.0,0
2025-01-30,STR-BLR-01,SKU-1001,Organic Milk 1L,Dairy,68.0,24,1632.0,0
2025-01-31,STR-BLR-01,SKU-1001,Organic Milk 1L,Dairy,68.0,30,2040.0,0
2025-02-01,STR-BLR-01,SKU-1001,Organic Milk 1L,Dairy,68.0,35,2380.0,0
2025-02-02,STR-BLR-01,SKU-1001,Organic Milk 1L,Dairy,68.0,34,2312.0,0
2025-02-03,STR-BLR-01,SKU-1001,Organic Milk 1L,Dairy,68.0,34,2312.0,0
2025-02-04,STR-BLR-01,SKU-1001,Organic Milk 1L,Dairy,68.0,29,1972.0,0
2025-02-05,STR-BLR-01,SKU-1001,Organic Milk 1L,Dairy,68.0,30,2040.0,0
2025-02-06,STR-BLR-01,SKU-1001,Organic Milk 1L,Dairy,68.0,34,2312.0,0
2025-02-07,STR-BLR-01,SKU-1001,Organic Milk 1L,Dairy,68.0,32,2176.0,0
2025-02-08,STR-BLR-01,SKU-1001,Organic Milk 1L,Dairy,68.0,39,2652.0,0
2025-02-09,STR-BLR-01,SKU-1001,Organic Milk 1L,Dairy,68.0,38,2584.0,0
2025-02-10,STR-BLR-01,SKU-1001,Organic Milk 1L,Dairy,68.0,32,2176.0,0
2025-02-11,STR-BLR-01,SKU-1001,Organic Milk 1L,Dairy,68.0,29,1972.0,0
2025-02-12,STR-BLR-01,SKU-1001,Organic Milk 1L,Dairy,68.0,30,2040.0,0
2025-02-13,STR-BLR-01,SKU-1001,Organic Milk 1L,Dairy,68.0,32,2176.0,0
2025-02-14,STR-BLR-01,SKU-1001,Organic Milk 1L,Dairy,68.0,32,2176.0,0
2025-02-15,STR-BLR-01,SKU-1001,Organic Milk 1L,Dairy,68.0,32,2176.0,0
2025-02-16,STR-BLR-01,SKU-1001,Organic Milk 1L,Dairy,68.0,27,1836.0,0
2025-02-17,STR-BLR-01,SKU-1001,Organic Milk 1L,Dairy,68.0,25,1700.0,0
2025-02-18,STR-BLR-01,SKU-1001,Organic Milk 1L,Dairy,68.0,28,1904.0,0
2025-02-19,STR-BLR-01,SKU-1001,Organic Milk 1L,Dairy,68.0,25,1700.0,0
2025-02-20,STR-BLR-01,SKU-1001,Organic Milk 1L,Dairy,68.0,25,1700.0,0
2025-02-21,STR-BLR-01,SKU-1001,Organic Milk 1L,Dairy,68.0,23,1564.0,0
2025-02-22,STR-BLR-01,SKU-1001,Organic Milk 1L,Dairy,68.0,26,1768.0,0
2025-02-23,STR-BLR-01,SKU-1001,Organic Milk 1L,Dairy,68.0,30,2040.0,0
2025-02-24,STR-BLR-01,SKU-1001,Organic Milk 1L,Dairy,68.0,26,1768.0,0
2025-02-25,STR-BLR-01,SKU-1001,Organic Milk 1L,Dairy,68.0,24,1632.0,0
2025-02-26,STR-BLR-01,SKU-1001,Organic Milk 1L,Dairy,68.0,26,1768.0,0
2025-02-27,STR-BLR-01,SKU-1001,Organic Milk 1L,Dairy,68.0,27,1836.0,0
2025-02-28,STR-BLR-01,SKU-1001,Organic Milk 1L,Dairy,68.0,31,2108.0,0
2025-03-01,STR-BLR-01,SKU-1001,Organic Milk 1L,Dairy,68.0,29,1972.0,0
2025-03-02,STR-BLR-01,SKU-1001,Organic Milk 1L,Dairy,68.0,33,2244.0,0
2025-03-03,STR-BLR-01,SKU-1001,Organic Milk 1L,Dairy,68.0,32,2176.0,0
2025-03-04,STR-BLR-01,SKU-1001,Organic Milk 1L,Dairy,68.0,35,2380.0,0
2025-03-05,STR-BLR-01,SKU-1001,Organic Milk 1L,Dairy,68.0,30,2040.0,0
2025-03-06,STR-BLR-01,SKU-1001,Organic Milk 1L,Dairy,68.0,31,2108.0,0
2025-03-07,STR-BLR-01,SKU-1001,Organic Milk 1L,Dairy,68.0,47,3196.0,1
2025-03-08,STR-BLR-01,SKU-1001,Organic Milk 1L,Dairy,68.0,33,2244.0,0
2025-03-09,STR-BLR-01,SKU-1001,Organic Milk 1L,Dairy,68.0,38,2584.0,0
2025-03-10,STR-BLR-01,SKU-1001,Organic Milk 1L,Dairy,68.0,39,2652.0,0
2025-03-11,STR-BLR-01,SKU-1001,Organic Milk 1L,Dairy,68.0,34,2312.0,0
2025-03-12,STR-BLR-01,SKU-1001,Organic Milk 1L,Dairy,68.0,27,1836.0,0
2025-03-13,STR-BLR-01,SKU-1001,Organic Milk 1L,Dairy,68.0,30,2040.0,0
2025-03-14,STR-BLR-01,SKU-1001,Organic Milk 1L,Dairy,68.0,41,2788.0,1
2025-03-15,STR-BLR-01,SKU-1001,Organic Milk 1L,Dairy,68.0,38,2584.0,0
2025-03-16,STR-BLR-01,SKU-1001,Organic Milk 1L,Dairy,68.0,33,2244.0,0
2025-03-17,STR-BLR-01,SKU-1001,Organic Milk 1L,Dairy,68.0,25,1700.0,0
2025-03-18,STR-BLR-01,SKU-1001,Organic Milk 1L,Dairy,68.0,28,1904.0,0
2025-03-19,STR-BLR-01,SKU-1001,Organic Milk 1L,Dairy,68.0,28,1904.0,0
2025-03-20,STR-BLR-01,SKU-1001,Organic Milk 1L,Dairy,68.0,26,1768.0,0
2025-03-21,STR-BLR-01,SKU-1001,Organic Milk 1L,Dairy,68.0,24,1632.0,0
2025-03-22,STR-BLR-01,SKU-1001,Organic Milk 1L,Dairy,68.0,34,2312.0,0
2025-03-23,STR-BLR-01,SKU-1001,Organic Milk 1L,Dairy,68.0,30,2040.0,0
2025-03-24,STR-BLR-01,SKU-1001,Organic Milk 1L,Dairy,68.0,27,1836.0,0
2025-03-25,STR-BLR-01,SKU-1001,Organic Milk 1L,Dairy,68.0,25,1700.0,0
2025-03-26,STR-BLR-01,SKU-1001,Organic Milk 1L,Dairy,68.0,24,1632.0,0
2025-03-27,STR-BLR-01,SKU-1001,Organic Milk 1L,Dairy,68.0,25,1700.0,0
2025-03-28,STR-BLR-01,SKU-1001,Organic Milk 1L,Dairy,68.0,24,1632.0,0
2025-03-29,STR-BLR-01,SKU-1001,Organic Milk 1L,Dairy,68.0,34,2312.0,0
2025-03-30,STR-BLR-01,SKU-1001,Organic Milk 1L,Dairy,68.0,31,2108.0,0
2025-03-31,STR-BLR-01,SKU-1001,Organic Milk 1L,Dairy,68.0,32,2176.0,0
2025-04-01,STR-BLR-01,SKU-1001,Organic Milk 1L,Dairy,68.0,28,1904.0,0
2025-04-02,STR-BLR-01,SKU-1001,Organic Milk 1L,Dairy,68.0,31,2108.0,0
2025-04-03,STR-BLR-01,SKU-1001,Organic Milk 1L,Dairy,68.0,32,2176.0,0
2025-04-04,STR-BLR-01,SKU-1001,Organic Milk 1L,Dairy,68.0,28,1904.0,0
2025-04-05,STR-BLR-01,SKU-1001,Organic Milk 1L,Dairy,68.0,42,2856.0,0
2025-04-06,STR-BLR-01,SKU-1001,Organic Milk 1L,Dairy,68.0,36,2448.0,0
2025-04-07,STR-BLR-01,SKU-1001,Organic Milk 1L,Dairy,68.0,30,2040.0,0
2025-04-08,STR-BLR-01,SKU-1001,Organic Milk 1L,Dairy,68.0,35,2380.0,0
2025-04-09,STR-BLR-01,SKU-1001,Organic Milk 1L,Dairy,68.0,34,2312.0,0
2025-04-10,STR-BLR-01,SKU-1001,Organic Milk 1L,Dairy,68.0,34,2312.0,0
2025-04-11,STR-BLR-01,SKU-1001,Organic Milk 1L,Dairy,68.0,33,2244.0,0
2025-04-12,STR-BLR-01,SKU-1001,Organic Milk 1L,Dairy,68.0,30,2040.0,0
2025-04-13,STR-BLR-01,SKU-1001,Organic Milk 1L,Dairy,68.0,33,2244.0,0
2025-04-14,STR-BLR-01,SKU-1001,Organic Milk 1L,Dairy,68.0,29,1972.0,0
2025-04-15,STR-BLR-01,SKU-1001,Organic Milk 1L,Dairy,68.0,33,2244.0,0
2025-04-16,STR-BLR-01,SKU-1001,Organic Milk 1L,Dairy,68.0,30,2040.0,0
2025-04-17,STR-BLR-01,SKU-1001,Organic Milk 1L,Dairy,68.0,30,2040.0,0
2025-04-18,STR-BLR-01,SKU-1001,Organic Milk 1L,Dairy,68.0,27,1836.0,0
2025-04-19,STR-BLR-01,SKU-1001,Organic Milk 1L,Dairy,68.0,32,2176.0,0
2025-04-20,STR-BLR-01,SKU-1001,Organic Milk 1L,Dairy,68.0,29,1972.0,0
2025-04-21,STR-BLR-01,SKU-1001,Organic Milk 1L,Dairy,68.0,25,1700.0,0
2025-04-22,STR-BLR-01,SKU-1001,Organic Milk 1L,Dairy,68.0,26,1768.0,0
2025-04-23,STR-BLR-01,SKU-1001,Organic Milk 1L,Dairy,68.0,26,1768.0,0
2025-04-24,STR-BLR-01,SKU-1001,Organic Milk 1L,Dairy,68.0,31,2108.0,0
2025-04-25,STR-BLR-01,SKU-1001,Organic Milk 1L,Dairy,68.0,24,1632.0,0
2025-04-26,STR-BLR-01,SKU-1001,Organic Milk 1L,Dairy,68.0,25,1700.0,0
2025-04-27,STR-BLR-01,SKU-1001,Organic Milk 1L,Dairy,68.0,30,2040.0,0
2025-04-28,STR-BLR-01,SKU-1001,Organic Milk 1L,Dairy,68.0,25,1700.0,0
2025-04-29,STR-BLR-01,SKU-1001,Organic Milk 1L,Dairy,68.0,23,1564.0,0
2025-04-30,STR-BLR-01,SKU-1001,Organic Milk 1L,Dairy,68.0,26,1768.0,0
2025-05-01,STR-BLR-01,SKU-1001,Organic Milk 1L,Dairy,68.0,35,2380.0,0
2025-05-02,STR-BLR-01,SKU-1001,Organic Milk 1L,Dairy,68.0,28,1904.0,0
2025-05-03,STR-BLR-01,SKU-1001,Organic Milk 1L,Dairy,68.0,30,2040.0,0
2025-05-04,STR-BLR-01,SKU-1001,Organic Milk 1L,Dairy,68.0,42,2856.0,0
2025-05-05,STR-BLR-01,SKU-1001,Organic Milk 1L,Dairy,68.0,30,2040.0,0
2025-05-06,STR-BLR-01,SKU-1001,Organic Milk 1L,Dairy,68.0,56,3808.0,1
2025-05-07,STR-BLR-01,SKU-1001,Organic Milk 1L,Dairy,68.0,33,2244.0,0
2025-05-08,STR-BLR-01,SKU-1001,Organic Milk 1L,Dairy,68.0,39,2652.0,0
2025-05-09,STR-BLR-01,SKU-1001,Organic Milk 1L,Dairy,68.0,33,2244.0,0
2025-05-10,STR-BLR-01,SKU-1001,Organic Milk 1L,Dairy,68.0,39,2652.0,0
2025-05-11,STR-BLR-01,SKU-1001,Organic Milk 1L,Dairy,68.0,37,2516.0,0
2025-05-12,STR-BLR-01,SKU-1001,Organic Milk 1L,Dairy,68.0,44,2992.0,1
2025-05-13,STR-BLR-01,SKU-1001,Organic Milk 1L,Dairy,68.0,44,2992.0,1
2025-05-14,STR-BLR-01,SKU-1001,Organic Milk 1L,Dairy,68.0,33,2244.0,0
2025-05-15,STR-BLR-01,SKU-1001,Organic Milk 1L,Dairy,68.0,31,2108.0,0
2025-05-16,STR-BLR-01,SKU-1001,Organic Milk 1L,Dairy,68.0,30,2040.0,0
2025-05-17,STR-BLR-01,SKU-1001,Organic Milk 1L,Dairy,68.0,41,2788.0,1
2025-05-18,STR-BLR-01,SKU-1001,Organic Milk 1L,Dairy,68.0,31,2108.0,0
2025-05-19,STR-BLR-01,SKU-1001,Organic Milk 1L,Dairy,68.0,31,2108.0,0
2025-05-20,STR-BLR-01,SKU-1001,Organic Milk 1L,Dairy,68.0,25,1700.0,0
2025-05-21,STR-BLR-01,SKU-1001,Organic Milk 1L,Dairy,68.0,27,1836.0,0
2025-05-22,STR-BLR-01,SKU-1001,Organic Milk 1L,Dairy,68.0,38,2584.0,1
2025-05-23,STR-BLR-01,SKU-1001,Organic Milk 1L,Dairy,68.0,26,1768.0,0
2025-05-24,STR-BLR-01,SKU-1001,Organic Milk 1L,Dairy,68.0,31,2108.0,0
2025-05-25,STR-BLR-01,SKU-1001,Organic Milk 1L,Dairy,68.0,26,1768.0,0
2025-05-26,STR-BLR-01,SKU-1001,Organic Milk 1L,Dairy,68.0,27,1836.0,0
2025-05-27,STR-BLR-01,SKU-1001,Organic Milk 1L,Dairy,68.0,26,1768.0,0
2025-05-28,STR-BLR-01,SKU-1001,Organic Milk 1L,Dairy,68.0,27,1836.0,0
2025-05-29,STR-BLR-01,SKU-1001,Organic Milk 1L,Dairy,68.0,31,2108.0,0
2025-05-30,STR-BLR-01,SKU-1001,Organic Milk 1L,Dairy,68.0,28,1904.0,0
2025-05-31,STR-BLR-01,SKU-1001,Organic Milk 1L,Dairy,68.0,34,2312.0,0
2025-06-01,STR-BLR-01,SKU-1001,Organic Milk 1L,Dairy,68.0,29,1972.0,0
2025-06-02,STR-BLR-01,SKU-1001,Organic Milk 1L,Dairy,68.0,36,2448.0,0
2025-06-03,STR-BLR-01,SKU-1001,Organic Milk 1L,Dairy,68.0,35,2380.0,0
2025-06-04,STR-BLR-01,SKU-1001,Organic Milk 1L,Dairy,68.0,33,2244.0,0
2025-06-05,STR-BLR-01,SKU-1001,Organic Milk 1L,Dairy,68.0,33,2244.0,0
2025-06-06,STR-BLR-01,SKU-1001,Organic Milk 1L,Dairy,68.0,35,2380.0,0
2025-06-07,STR-BLR-01,SKU-1001,Organic Milk 1L,Dairy,68.0,42,2856.0,0
2025-06-08,STR-BLR-01,SKU-1001,Organic Milk 1L,Dairy,68.0,43,2924.0,0
2025-06-09,STR-BLR-01,SKU-1001,Organic Milk 1L,Dairy,68.0,36,2448.0,0
2025-06-10,STR-BLR-01,SKU-1001,Organic Milk 1L,Dairy,68.0,34,2312.0,0
2025-06-11,STR-BLR-01,SKU-1001,Organic Milk 1L,Dairy,68.0,36,2448.0,0
2025-06-12,STR-BLR-01,SKU-1001,Organic Milk 1L,Dairy,68.0,34,2312.0,0
2025-06-13,STR-BLR-01,SKU-1001,Organic Milk 1L,Dairy,68.0,32,2176.0,0
2025-06-14,STR-BLR-01,SKU-1001,Organic Milk 1L,Dairy,68.0,36,2448.0,0
2025-06-15,STR-BLR-01,SKU-1001,Organic Milk 1L,Dairy,68.0,35,2380.0,0
2025-06-16,STR-BLR-01,SKU-1001,Organic Milk 1L,Dairy,68.0,29,1972.0,0
2025-06-17,STR-BLR-01,SKU-1001,Organic Milk 1L,Dairy,68.0,27,1836.0,0
2025-06-18,STR-BLR-01,SKU-1001,Organic Milk 1L,Dairy,68.0,29,1972.0,0
2025-06-19,STR-BLR-01,SKU-1001,Organic Milk 1L,Dairy,68.0,24,1632.0,0
2025-06-20,STR-BLR-01,SKU-1001,Organic Milk 1L,Dairy,68.0,24,1632.0,0
2025-06-21,STR-BLR-01,SKU-1001,Organic Milk 1L,Dairy,68.0,29,1972.0,0
2025-06-22,STR-BLR-01,SKU-1001,Organic Milk 1L,Dairy,68.0,30,2040.0,0
2025-06-23,STR-BLR-01,SKU-1001,Organic Milk 1L,Dairy,68.0,26,1768.0,0
2025-06-24,STR-BLR-01,SKU-1001,Organic Milk 1L,Dairy,68.0,27,1836.0,0
2025-06-25,STR-BLR-01,SKU-1001,Organic Milk 1L,Dairy,68.0,22,1496.0,0
2025-06-26,STR-BLR-01,SKU-1001,Organic Milk 1L,Dairy,68.0,28,1904.0,0
2025-06-27,STR-BLR-01,SKU-1001,Organic Milk 1L,Dairy,68.0,31,2108.0,0
2025-06-28,STR-BLR-01,SKU-1001,Organic Milk 1L,Dairy,68.0,34,2312.0,0
2025-06-29,STR-BLR-01,SKU-1001,Organic Milk 1L,Dairy,68.0,34,2312.0,0
2025-01-01,STR-BLR-01,SKU-1002,Whole Wheat Bread,Bakery,45.0,68,3060.0,0
2025-01-02,STR-BLR-01,SKU-1002,Whole Wheat Bread,Bakery,45.0,76,3420.0,0
2025-01-03,STR-BLR-01,SKU-1002,Whole Wheat Bread,Bakery,45.0,86,3870.0,0
2025-01-04,STR-BLR-01,SKU-1002,Whole Wheat Bread,Bakery,45.0,90,4050.0,0
2025-01-05,STR-BLR-01,SKU-1002,Whole Wheat Bread,Bakery,45.0,88,3960.0,0
2025-01-06,STR-BLR-01,SKU-1002,Whole Wheat Bread,Bakery,45.0,88,3960.0,0
2025-01-07,STR-BLR-01,SKU-1002,Whole Wheat Bread,Bakery,45.0,88,3960.0,0
2025-01-08,STR-BLR-01,SKU-1002,Whole Wheat Bread,Bakery,45.0,95,4275.0,0
2025-01-09,STR-BLR-01,SKU-1002,Whole Wheat Bread,Bakery,45.0,92,4140.0,0
2025-01-10,STR-BLR-01,SKU-1002,Whole Wheat Bread,Bakery,45.0,86,3870.0,0
2025-01-11,STR-BLR-01,SKU-1002,Whole Wheat Bread,Bakery,45.0,108,4860.0,0
2025-01-12,STR-BLR-01,SKU-1002,Whole Wheat Bread,Bakery,45.0,95,4275.0,0
2025-01-13,STR-BLR-01,SKU-1002,Whole Wheat Bread,Bakery,45.0,72,3240.0,0
2025-01-14,STR-BLR-01,SKU-1002,Whole Wheat Bread,Bakery,45.0,69,3105.0,0
2025-01-15,STR-BLR-01,SKU-1002,Whole Wheat Bread,Bakery,45.0,79,3555.0,0
2025-01-16,STR-BLR-01,SKU-1002,Whole Wheat Bread,Bakery,45.0,75,3375.0,0
2025-01-17,STR-BLR-01,SKU-1002,Whole Wheat Bread,Bakery,45.0,57,2565.0,0
2025-01-18,STR-BLR-01,SKU-1002,Whole Wheat Bread,Bakery,45.0,72,3240.0,0
2025-01-19,STR-BLR-01,SKU-1002,Whole Wheat Bread,Bakery,45.0,75,3375.0,0
2025-01-20,STR-BLR-01,SKU-1002,Whole Wheat Bread,Bakery,45.0,59,2655.0,0
2025-01-21,STR-BLR-01,SKU-1002,Whole Wheat Bread,Bakery,45.0,64,2880.0,0
2025-01-22,STR-BLR-01,SKU-1002,Whole Wheat Bread,Bakery,45.0,61,2745.0,0
2025-01-23,STR-BLR-01,SKU-1002,Whole Wheat Bread,Bakery,45.0,57,2565.0,0
2025-01-24,STR-BLR-01,SKU-1002,Whole Wheat Bread,Bakery,45.0,62,2790.0,0
2025-01-25,STR-BLR-01,SKU-1002,Whole Wheat Bread,Bakery,45.0,92,4140.0,1
2025-01-26,STR-BLR-01,SKU-1002,Whole Wheat Bread,Bakery,45.0,89,4005.0,1
2025-01-27,STR-BLR-01,SKU-1002,Whole Wheat Bread,Bakery,45.0,52,2340.0,0
2025-01-28,STR-BLR-01,SKU-1002,Whole Wheat Bread,Bakery,45.0,57,2565.0,0
2025-01-29,STR-BLR-01,SKU-1002,Whole Wheat Bread,Bakery,45.0,64,2880.0,0
2025-01-30,STR-BLR-01,SKU-1002,Whole Wheat Bread,Bakery,45.0,69,3105.0,0
2025-01-31,STR-BLR-01,SKU-1002,Whole Wheat Bread,Bakery,45.0,80,3600.0,0
2025-02-01,STR-BLR-01,SKU-1002,Whole Wheat Bread,Bakery,45.0,84,3780.0,0
2025-02-02,STR-BLR-01,SKU-1002,Whole Wheat Bread,Bakery,45.0,87,3915.0,0
2025-02-03,STR-BLR-01,SKU-1002,Whole Wheat Bread,Bakery,45.0,83,3735.0,0
2025-02-04,STR-BLR-01,SKU-1002,Whole Wheat Bread,Bakery,45.0,81,3645.0,0
2025-02-05,STR-BLR-01,SKU-1002,Whole Wheat Bread,Bakery,45.0,80,3600.0,0
2025-02-06,STR-BLR-01,SKU-1002,Whole Wheat Bread,Bakery,45.0,93,4185.0,0
2025-02-07,STR-BLR-01,SKU-1002,Whole Wheat Bread,Bakery,45.0,106,4770.0,1
2025-02-08,STR-BLR-01,SKU-1002,Whole Wheat Bread,Bakery,45.0,121,5445.0,1
2025-02-09,STR-BLR-01,SKU-1002,Whole Wheat Bread,Bakery,45.0,96,4320.0,0
2025-02-10,STR-BLR-01,SKU-1002,Whole Wheat Bread,Bakery,45.0,93,4185.0,0
2025-02-11,STR-BLR-01,SKU-1002,Whole Wheat Bread,Bakery,45.0,81,3645.0,0
2025-02-12,STR-BLR-01,SKU-1002,Whole Wheat Bread,Bakery,45.0,78,3510.0,0
2025-02-13,STR-BLR-01,SKU-1002,Whole Wheat Bread,Bakery,45.0,78,3510.0,0
2025-02-14,STR-BLR-01,SKU-1002,Whole Wheat Bread,Bakery,45.0,79,3555.0,0
2025-02-15,STR-BLR-01,SKU-1002,Whole Wheat Bread,Bakery,45.0,79,3555.0,0
2025-02-16,STR-BLR-01,SKU-1002,Whole Wheat Bread,Bakery,45.0,84,3780.0,0
2025-02-17,STR-BLR-01,SKU-1002,Whole Wheat Bread,Bakery,45.0,73,3285.0,0
2025-02-18,STR-BLR-01,SKU-1002,Whole Wheat Bread,Bakery,45.0,64,2880.0,0
2025-02-19,STR-BLR-01,SKU-1002,Whole Wheat Bread,Bakery,45.0,72,3240.0,0
2025-02-20,STR-BLR-01,SKU-1002,Whole Wheat Bread,Bakery,45.0,61,2745.0,0
2025-02-21,STR-BLR-01,SKU-1002,Whole Wheat Bread,Bakery,45.0,64,2880.0,0
2025-02-22,STR-BLR-01,SKU-1002,Whole Wheat Bread,Bakery,45.0,66,2970.0,0
2025-02-23,STR-BLR-01,SKU-1002,Whole Wheat Bread,Bakery,45.0,66,2970.0,0
2025-02-24,STR-BLR-01,SKU-1002,Whole Wheat Bread,Bakery,45.0,51,2295.0,0
2025-02-25,STR-BLR-01,SKU-1002,Whole Wheat Bread,Bakery,45.0,74,3330.0,1
2025-02-26,STR-BLR-01,SKU-1002,Whole Wheat Bread,Bakery,45.0,61,2745.0,0
2025-02-27,STR-BLR-01,SKU-1002,Whole Wheat Bread,Bakery,45.0,70,3150.0,0
2025-02-28,STR-BLR-01,SKU-1002,Whole Wheat Bread,Bakery,45.0,69,3105.0,0
2025-03-01,STR-BLR-01,SKU-1002,Whole Wheat Bread,Bakery,45.0,76,3420.0,0
2025-03-02,STR-BLR-01,SKU-1002,Whole Wheat Bread,Bakery,45.0,85,3825.0,0
2025-03-03,STR-BLR-01,SKU-1002,Whole Wheat Bread,Bakery,45.0,83,3735.0,0
2025-03-04,STR-BLR-01,SKU-1002,Whole Wheat Bread,Bakery,45.0,80,3600.0,0
2025-03-05,STR-BLR-01,SKU-1002,Whole Wheat Bread,Bakery,45.0,84,3780.0,0
2025-03-06,STR-BLR-01,SKU-1002,Whole Wheat Bread,Bakery,45.0,85,3825.0,0
2025-03-07,STR-BLR-01,SKU-1002,Whole Wheat Bread,Bakery,45.0,86,3870.0,0
2025-03-08,STR-BLR-01,SKU-1002,Whole Wheat Bread,Bakery,45.0,91,4095.0,0
2025-03-09,STR-BLR-01,SKU-1002,Whole Wheat Bread,Bakery,45.0,91,4095.0,0
2025-03-10,STR-BLR-01,SKU-1002,Whole Wheat Bread,Bakery,45.0,93,4185.0,0
2025-03-11,STR-BLR-01,SKU-1002,Whole Wheat Bread,Bakery,45.0,129,5805.0,1
2025-03-12,STR-BLR-01,SKU-1002,Whole Wheat Bread,Bakery,45.0,85,3825.0,0
2025-03-13,STR-BLR-01,SKU-1002,Whole Wheat Bread,Bakery,45.0,83,3735.0,0
2025-03-14,STR-BLR-01,SKU-1002,Whole Wheat Bread,Bakery,45.0,95,4275.0,1
2025-03-15,STR-BLR-01,SKU-1002,Whole Wheat Bread,Bakery,45.0,74,3330.0,0
2025-03-16,STR-BLR-01,SKU-1002,Whole Wheat Bread,Bakery,45.0,94,4230.0,0
2025-03-17,STR-BLR-01,SKU-1002,Whole Wheat Bread,Bakery,45.0,69,3105.0,0
2025-03-18,STR-BLR-01,SKU-1002,Whole Wheat Bread,Bakery,45.0,53,2385.0,0
2025-03-19,STR-BLR-01,SKU-1002,Whole Wheat Bread,Bakery,45.0,80,3600.0,0
2025-03-20,STR-BLR-01,SKU-1002,Whole Wheat Bread,Bakery,45.0,62,2790.0,0
2025-03-21,STR-BLR-01,SKU-1002,Whole Wheat Bread,Bakery,45.0,54,2430.0,0
2025-03-22,STR-BLR-01,SKU-1002,Whole Wheat Bread,Bakery,45.0,91,4095.0,1
2025-03-23,STR-BLR-01,SKU-1002,Whole Wheat Bread,Bakery,45.0,69,3105.0,0
2025-03-24,STR-BLR-01,SKU-1002,Whole Wheat Bread,Bakery,45.0,61,2745.0,0
2025-03-25,STR-BLR-01,SKU-1002,Whole Wheat Bread,Bakery,45.0,62,2790.0,0
2025-03-26,STR-BLR-01,SKU-1002,Whole Wheat Bread,Bakery,45.0,54,2430.0,0
2025-03-27,STR-BLR-01,SKU-1002,Whole Wheat Bread,Bakery,45.0,67,3015.0,0
2025-03-28,STR-BLR-01,SKU-1002,Whole Wheat Bread,Bakery,45.0,69,3105.0,0
2025-03-29,STR-BLR-01,SKU-1002,Whole Wheat Bread,Bakery,45.0,80,3600.0,0
2025-03-30,STR-BLR-01,SKU-1002,Whole Wheat Bread,Bakery,45.0,76,3420.0,0
2025-03-31,STR-BLR-01,SKU-1002,Whole Wheat Bread,Bakery,45.0,68,3060.0,0
2025-04-01,STR-BLR-01,SKU-1002,Whole Wheat Bread,Bakery,45.0,96,4320.0,1
2025-04-02,STR-BLR-01,SKU-1002,Whole Wheat Bread,Bakery,45.0,67,3015.0,0
2025-04-03,STR-BLR-01,SKU-1002,Whole Wheat Bread,Bakery,45.0,76,3420.0,0
2025-04-04,STR-BLR-01,SKU-1002,Whole Wheat Bread,Bakery,45.0,66,2970.0,0
2025-04-05,STR-BLR-01,SKU-1002,Whole Wheat Bread,Bakery,45.0,81,3645.0,0
2025-04-06,STR-BLR-01,SKU-1002,Whole Wheat Bread,Bakery,45.0,98,4410.0,0
2025-04-07,STR-BLR-01,SKU-1002,Whole Wheat Bread,Bakery,45.0,86,3870.0,0
2025-04-08,STR-BLR-01,SKU-1002,Whole Wheat Bread,Bakery,45.0,90,4050.0,0
2025-04-09,STR-BLR-01,SKU-1002,Whole Wheat Bread,Bakery,45.0,93,4185.0,0
2025-04-10,STR-BLR-01,SKU-1002,Whole Wheat Bread,Bakery,45.0,91,4095.0,0
2025-04-11,STR-BLR-01,SKU-1002,Whole Wheat Bread,Bakery,45.0,89,4005.0,0
2025-04-12,STR-BLR-01,SKU-1002,Whole Wheat Bread,Bakery,45.0,93,4185.0,0
2025-04-13,STR-BLR-01,SKU-1002,Whole Wheat Bread,Bakery,45.0,86,3870.0,0
2025-04-14,STR-BLR-01,SKU-1002,Whole Wheat Bread,Bakery,45.0,72,3240.0,0
2025-04-15,STR-BLR-01,SKU-1002,Whole Wheat Bread,Bakery,45.0,73,3285.0,0
2025-04-16,STR-BLR-01,SKU-1002,Whole Wheat Bread,Bakery,45.0,73,3285.0,0
2025-04-17,STR-BLR-01,SKU-1002,Whole Wheat Bread,Bakery,45.0,70,3150.0,0
2025-04-18,STR-BLR-01,SKU-1002,Whole Wheat Bread,Bakery,45.0,72,3240.0,0
2025-04-19,STR-BLR-01,SKU-1002,Whole Wheat Bread,Bakery,45.0,70,3150.0,0
2025-04-20,STR-BLR-01,SKU-1002,Whole Wheat Bread,Bakery,45.0,72,3240.0,0
2025-04-21,STR-BLR-01,SKU-1002,Whole Wheat Bread,Bakery,45.0,72,3240.0,1
2025-04-22,STR-BLR-01,SKU-1002,Whole Wheat Bread,Bakery,45.0,60,2700.0,0
2025-04-23,STR-BLR-01,SKU-1002,Whole Wheat Bread,Bakery,45.0,59,2655.0,0
2025-04-24,STR-BLR-01,SKU-1002,Whole Wheat Bread,Bakery,45.0,65,2925.0,0
2025-04-25,STR-BLR-01,SKU-1002,Whole Wheat Bread,Bakery,45.0,58,2610.0,0
2025-04-26,STR-BLR-01,SKU-1002,Whole Wheat Bread,Bakery,45.0,54,2430.0,0
2025-04-27,STR-BLR-01,SKU-1002,Whole Wheat Bread,Bakery,45.0,67,3015.0,0
2025-04-28,STR-BLR-01,SKU-1002,Whole Wheat Bread,Bakery,45.0,68,3060.0,0
2025-04-29,STR-BLR-01,SKU-1002,Whole Wheat Bread,Bakery,45.0,61,2745.0,0
2025-04-30,STR-BLR-01,SKU-1002,Whole Wheat Bread,Bakery,45.0,72,3240.0,0
2025-05-01,STR-BLR-01,SKU-1002,Whole Wheat Bread,Bakery,45.0,66,2970.0,0
2025-05-02,STR-BLR-01,SKU-1002,Whole Wheat Bread,Bakery,45.0,88,3960.0,0
2025-05-03,STR-BLR-01,SKU-1002,Whole Wheat Bread,Bakery,45.0,85,3825.0,0
2025-05-04,STR-BLR-01,SKU-1002,Whole Wheat Bread,Bakery,45.0,82,3690.0,0
2025-05-05,STR-BLR-01,SKU-1002,Whole Wheat Bread,Bakery,45.0,81,3645.0,0
2025-05-06,STR-BLR-01,SKU-1002,Whole Wheat Bread,Bakery,45.0,88,3960.0,0
2025-05-07,STR-BLR-01,SKU-1002,Whole Wheat Bread,Bakery,45.0,91,4095.0,0
2025-05-08,STR-BLR-01,SKU-1002,Whole Wheat Bread,Bakery,45.0,98,4410.0,0
2025-05-09,STR-BLR-01,SKU-1002,Whole Wheat Bread,Bakery,45.0,84,3780.0,0
2025-05-10,STR-BLR-01,SKU-1002,Whole Wheat Bread,Bakery,45.0,139,6255.0,1
2025-05-11,STR-BLR-01,SKU-1002,Whole Wheat Bread,Bakery,45.0,112,5040.0,1
2025-05-12,STR-BLR-01,SKU-1002,Whole Wheat Bread,Bakery,45.0,78,3510.0,0
2025-05-13,STR-BLR-01,SKU-1002,Whole Wheat Bread,Bakery,45.0,73,3285.0,0
2025-05-14,STR-BLR-01,SKU-1002,Whole Wheat Bread,Bakery,45.0,74,3330.0,0
2025-05-15,STR-BLR-01,SKU-1002,Whole Wheat Bread,Bakery,45.0,109,4905.0,1
2025-05-16,STR-BLR-01,SKU-1002,Whole Wheat Bread,Bakery,45.0,70,3150.0,0
2025-05-17,STR-BLR-01,SKU-1002,Whole Wheat Bread,Bakery,45.0,101,4545.0,1
2025-05-18,STR-BLR-01,SKU-1002,Whole Wheat Bread,Bakery,45.0,76,3420.0,0
2025-05-19,STR-BLR-01,SKU-1002,Whole Wheat Bread,Bakery,45.0,67,3015.0,0
2025-05-20,STR-BLR-01,SKU-1002,Whole Wheat Bread,Bakery,45.0,60,2700.0,0
2025-05-21,STR-BLR-01,SKU-1002,Whole Wheat Bread,Bakery,45.0,55,2475.0,0
2025-05-22,STR-BLR-01,SKU-1002,Whole Wheat Bread,Bakery,45.0,67,3015.0,0
2025-05-23,STR-BLR-01,SKU-1002,Whole Wheat Bread,Bakery,45.0,56,2520.0,0
2025-05-24,STR-BLR-01,SKU-1002,Whole Wheat Bread,Bakery,45.0,63,2835.0,0
2025-05-25,STR-BLR-01,SKU-1002,Whole Wheat Bread,Bakery,45.0,64,2880.0,0
2025-05-26,STR-BLR-01,SKU-1002,Whole Wheat Bread,Bakery,45.0,63,2835.0,0
2025-05-27,STR-BLR-01,SKU-1002,Whole Wheat Bread,Bakery,45.0,55,2475.0,0
2025-05-28,STR-BLR-01,SKU-1002,Whole Wheat Bread,Bakery,45.0,75,3375.0,0
2025-05-29,STR-BLR-01,SKU-1002,Whole Wheat Bread,Bakery,45.0,65,2925.0,0
2025-05-30,STR-BLR-01,SKU-1002,Whole Wheat Bread,Bakery,45.0,74,3330.0,0
2025-05-31,STR-BLR-01,SKU-1002,Whole Wheat Bread,Bakery,45.0,73,3285.0,0
2025-06-01,STR-BLR-01,SKU-1002,Whole Wheat Bread,Bakery,45.0,86,3870.0,0
2025-06-02,STR-BLR-01,SKU-1002,Whole Wheat Bread,Bakery,45.0,91,4095.0,0
2025-06-03,STR-BLR-01,SKU-1002,Whole Wheat Bread,Bakery,45.0,126,5670.0,1
2025-06-04,STR-BLR-01,SKU-1002,Whole Wheat Bread,Bakery,45.0,120,5400.0,1
2025-06-05,STR-BLR-01,SKU-1002,Whole Wheat Bread,Bakery,45.0,80,3600.0,0
2025-06-06,STR-BLR-01,SKU-1002,Whole Wheat Bread,Bakery,45.0,96,4320.0,0
2025-06-07,STR-BLR-01,SKU-1002,Whole Wheat Bread,Bakery,45.0,85,3825.0,0
2025-06-08,STR-BLR-01,SKU-1002,Whole Wheat Bread,Bakery,45.0,91,4095.0,0
2025-06-09,STR-BLR-01,SKU-1002,Whole Wheat Bread,Bakery,45.0,87,3915.0,0
2025-06-10,STR-BLR-01,SKU-1002,Whole Wheat Bread,Bakery,45.0,75,3375.0,0
2025-06-11,STR-BLR-01,SKU-1002,Whole Wheat Bread,Bakery,45.0,81,3645.0,0
2025-06-12,STR-BLR-01,SKU-1002,Whole Wheat Bread,Bakery,45.0,87,3915.0,0
2025-06-13,STR-BLR-01,SKU-1002,Whole Wheat Bread,Bakery,45.0,75,3375.0,0
2025-06-14,STR-BLR-01,SKU-1002,Whole Wheat Bread,Bakery,45.0,90,4050.0,0
2025-06-15,STR-BLR-01,SKU-1002,Whole Wheat Bread,Bakery,45.0,97,4365.0,0
2025-06-16,STR-BLR-01,SKU-1002,Whole Wheat Bread,Bakery,45.0,72,3240.0,0
2025-06-17,STR-BLR-01,SKU-1002,Whole Wheat Bread,Bakery,45.0,72,3240.0,0
2025-06-18,STR-BLR-01,SKU-1002,Whole Wheat Bread,Bakery,45.0,71,3195.0,0
2025-06-19,STR-BLR-01,SKU-1002,Whole Wheat Bread,Bakery,45.0,60,2700.0,0
2025-06-20,STR-BLR-01,SKU-1002,Whole Wheat Bread,Bakery,45.0,64,2880.0,0
2025-06-21,STR-BLR-01,SKU-1002,Whole Wheat Bread,Bakery,45.0,63,2835.0,0
2025-06-22,STR-BLR-01,SKU-1002,Whole Wheat Bread,Bakery,45.0,66,2970.0,0
2025-06-23,STR-BLR-01,SKU-1002,Whole Wheat Bread,Bakery,45.0,63,2835.0,0
2025-06-24,STR-BLR-01,SKU-1002,Whole Wheat Bread,Bakery,45.0,74,3330.0,1
2025-06-25,STR-BLR-01,SKU-1002,Whole Wheat Bread,Bakery,45.0,66,2970.0,1
2025-06-26,STR-BLR-01,SKU-1002,Whole Wheat Bread,Bakery,45.0,57,2565.0,0
2025-06-27,STR-BLR-01,SKU-1002,Whole Wheat Bread,Bakery,45.0,95,4275.0,1
2025-06-28,STR-BLR-01,SKU-1002,Whole Wheat Bread,Bakery,45.0,68,3060.0,0
2025-06-29,STR-BLR-01,SKU-1002,Whole Wheat Bread,Bakery,45.0,84,3780.0,0
2025-01-01,STR-BLR-01,SKU-1003,Arabica Coffee 250g,Beverages,420.0,53,22260.0,0
2025-01-02,STR-BLR-01,SKU-1003,Arabica Coffee 250g,Beverages,420.0,67,28140.0,1
2025-01-03,STR-BLR-01,SKU-1003,Arabica Coffee 250g,Beverages,420.0,55,23100.0,0
2025-01-04,STR-BLR-01,SKU-1003,Arabica Coffee 250g,Beverages,420.0,53,22260.0,0
2025-01-05,STR-BLR-01,SKU-1003,Arabica Coffee 250g,Beverages,420.0,60,25200.0,0
2025-01-06,STR-BLR-01,SKU-1003,Arabica Coffee 250g,Beverages,420.0,58,24360.0,0
2025-01-07,STR-BLR-01,SKU-1003,Arabica Coffee 250g,Beverages,420.0,48,20160.0,0
2025-01-08,STR-BLR-01,SKU-1003,Arabica Coffee 250g,Beverages,420.0,55,23100.0,0
2025-01-09,STR-BLR-01,SKU-1003,Arabica Coffee 250g,Beverages,420.0,61,25620.0,0
2025-01-10,STR-BLR-01,SKU-1003,Arabica Coffee 250g,Beverages,420.0,54,22680.0,0
2025-01-11,STR-BLR-01,SKU-1003,Arabica Coffee 250g,Beverages,420.0,65,27300.0,0
2025-01-12,STR-BLR-01,SKU-1003,Arabica Coffee 250g,Beverages,420.0,65,27300.0,0
2025-01-13,STR-BLR-01,SKU-1003,Arabica Coffee 250g,Beverages,420.0,79,33180.0,1
2025-01-14,STR-BLR-01,SKU-1003,Arabica Coffee 250g,Beverages,420.0,80,33600.0,1
2025-01-15,STR-BLR-01,SKU-1003,Arabica Coffee 250g,Beverages,420.0,47,19740.0,0
2025-01-16,STR-BLR-01,SKU-1003,Arabica Coffee 250g,Beverages,420.0,57,23940.0,0
2025-01-17,STR-BLR-01,SKU-1003,Arabica Coffee 250g,Beverages,420.0,47,19740.0,0
2025-01-18,STR-BLR-01,SKU-1003,Arabica Coffee 250g,Beverages,420.0,54,22680.0,0
2025-01-19,STR-BLR-01,SKU-1003,Arabica Coffee 250g,Beverages,420.0,60,25200.0,0
2025-01-20,STR-BLR-01,SKU-1003,Arabica Coffee 250g,Beverages,420.0,47,19740.0,0
2025-01-21,STR-BLR-01,SKU-1003,Arabica Coffee 250g,Beverages,420.0,47,19740.0,0
2025-01-22,STR-BLR-01,SKU-1003,Arabica Coffee 250g,Beverages,420.0,43,18060.0,0
2025-01-23,STR-BLR-01,SKU-1003,Arabica Coffee 250g,Beverages,420.0,53,22260.0,0
2025-01-24,STR-BLR-01,SKU-1003,Arabica Coffee 250g,Beverages,420.0,43,18060.0,0
2025-01-25,STR-BLR-01,SKU-1003,Arabica Coffee 250g,Beverages,420.0,53,22260.0,0
2025-01-26,STR-BLR-01,SKU-1003,Arabica Coffee 250g,Beverages,420.0,56,23520.0,0
2025-01-27,STR-BLR-01,SKU-1003,Arabica Coffee 250g,Beverages,420.0,51,21420.0,0
2025-01-28,STR-BLR-01,SKU-1003,Arabica Coffee 250g,Beverages,420.0,51,21420.0,0
2025-01-29,STR-BLR-01,SKU-1003,Arabica Coffee 250g,Beverages,420.0,51,21420.0,0
2025-01-30,STR-BLR-01,SKU-1003,Arabica Coffee 250g,Beverages,420.0,46,19320.0,0
2025-01-31,STR-BLR-01,SKU-1003,Arabica Coffee 250g,Beverages,420.0,60,25200.0,0
2025-02-01,STR-BLR-01,SKU-1003,Arabica Coffee 250g,Beverages,420.0,60,25200.0,0
2025-02-02,STR-BLR-01,SKU-1003,Arabica Coffee 250g,Beverages,420.0,60,25200.0,0
2025-02-03,STR-BLR-01,SKU-1003,Arabica Coffee 250g,Beverages,420.0,52,21840.0,0
2025-02-04,STR-BLR-01,SKU-1003,Arabica Coffee 250g,Beverages,420.0,58,24360.0,0
2025-02-05,STR-BLR-01,SKU-1003,Arabica Coffee 250g,Beverages,420.0,79,33180.0,1
2025-02-06,STR-BLR-01,SKU-1003,Arabica Coffee 250g,Beverages,420.0,68,28560.0,0
2025-02-07,STR-BLR-01,SKU-1003,Arabica Coffee 250g,Beverages,420.0,60,25200.0,0
2025-02-08,STR-BLR-01,SKU-1003,Arabica Coffee 250g,Beverages,420.0,64,26880.0,0
2025-02-09,STR-BLR-01,SKU-1003,Arabica Coffee 250g,Beverages,420.0,58,24360.0,0
2025-02-10,STR-BLR-01,SKU-1003,Arabica Coffee 250g,Beverages,420.0,55,23100.0,0
2025-02-11,STR-BLR-01,SKU-1003,Arabica Coffee 250g,Beverages,420.0,60,25200.0,0
2025-02-12,STR-BLR-01,SKU-1003,Arabica Coffee 250g,Beverages,420.0,66,27720.0,1
2025-02-13,STR-BLR-01,SKU-1003,Arabica Coffee 250g,Beverages,420.0,60,25200.0,0
2025-02-14,STR-BLR-01,SKU-1003,Arabica Coffee 250g,Beverages,420.0,59,24780.0,0
2025-02-15,STR-BLR-01,SKU-1003,Arabica Coffee 250g,Beverages,420.0,53,22260.0,0
2025-02-16,STR-BLR-01,SKU-1003,Arabica Coffee 250g,Beverages,420.0,57,23940.0,0
2025-02-17,STR-BLR-01,SKU-1003,Arabica Coffee 250g,Beverages,420.0,56,23520.0,0
2025-02-18,STR-BLR-01,SKU-1003,Arabica Coffee 250g,Beverages,420.0,49,20580.0,0
2025-02-19,STR-BLR-01,SKU-1003,Arabica Coffee 250g,Beverages,420.0,47,19740.0,0
2025-02-20,STR-BLR-01,SKU-1003,Arabica Coffee 250g,Beverages,420.0,47,19740.0,0
2025-02-21,STR-BLR-01,SKU-1003,Arabica Coffee 250g,Beverages,420.0,48,20160.0,0
2025-02-22,STR-BLR-01,SKU-1003,Arabica Coffee 250g,Beverages,420.0,47,19740.0,0
2025-02-23,STR-BLR-01,SKU-1003,Arabica Coffee 250g,Beverages,420.0,48,20160.0,0
2025-02-24,STR-BLR-01,SKU-1003,Arabica Coffee 250g,Beverages,420.0,48,20160.0,0
2025-02-25,STR-BLR-01,SKU-1003,Arabica Coffee 250g,Beverages,420.0,46,19320.0,0
2025-02-26,STR-BLR-01,SKU-1003,Arabica Coffee 250g,Beverages,420.0,44,18480.0,0
2025-02-27,STR-BLR-01,SKU-1003,Arabica Coffee 250g,Beverages,420.0,42,17640.0,0
2025-02-28,STR-BLR-01,SKU-1003,Arabica Coffee 250g,Beverages,420.0,51,21420.0,0
2025-03-01,STR-BLR-01,SKU-1003,Arabica Coffee 250g,Beverages,420.0,61,25620.0,0
2025-03-02,STR-BLR-01,SKU-1003,Arabica Coffee 250g,Beverages,420.0,59,24780.0,0
2025-03-03,STR-BLR-01,SKU-1003,Arabica Coffee 250g,Beverages,420.0,50,21000.0,0
2025-03-04,STR-BLR-01,SKU-1003,Arabica Coffee 250g,Beverages,420.0,52,21840.0,0
2025-03-05,STR-BLR-01,SKU-1003,Arabica Coffee 250g,Beverages,420.0,55,23100.0,0
2025-03-06,STR-BLR-01,SKU-1003,Arabica Coffee 250g,Beverages,420.0,90,37800.0,1
2025-03-07,STR-BLR-01,SKU-1003,Arabica Coffee 250g,Beverages,420.0,68,28560.0,0
2025-03-08,STR-BLR-01,SKU-1003,Arabica Coffee 250g,Beverages,420.0,73,30660.0,0
2025-03-09,STR-BLR-01,SKU-1003,Arabica Coffee 250g,Beverages,420.0,65,27300.0,0
2025-03-10,STR-BLR-01,SKU-1003,Arabica Coffee 250g,Beverages,420.0,75,31500.0,0
2025-03-11,STR-BLR-01,SKU-1003,Arabica Coffee 250g,Beverages,420.0,56,23520.0,0
2025-03-12,STR-BLR-01,SKU-1003,Arabica Coffee 250g,Beverages,420.0,57,23940.0,0
2025-03-13,STR-BLR-01,SKU-1003,Arabica Coffee 250g,Beverages,420.0,62,26040.0,0
2025-03-14,STR-BLR-01,SKU-1003,Arabica Coffee 250g,Beverages,420.0,58,24360.0,0
2025-03-15,STR-BLR-01,SKU-1003,Arabica Coffee 250g,Beverages,420.0,61,25620.0,0
2025-03-16,STR-BLR-01,SKU-1003,Arabica Coffee 250g,Beverages,420.0,49,20580.0,0
2025-03-17,STR-BLR-01,SKU-1003,Arabica Coffee 250g,Beverages,420.0,49,20580.0,0
2025-03-18,STR-BLR-01,SKU-1003,Arabica Coffee 250g,Beverages,420.0,52,21840.0,0
2025-03-19,STR-BLR-01,SKU-1003,Arabica Coffee 250g,Beverages,420.0,48,20160.0,0
2025-03-20,STR-BLR-01,SKU-1003,Arabica Coffee 250g,Beverages,420.0,44,18480.0,0
2025-03-21,STR-BLR-01,SKU-1003,Arabica Coffee 250g,Beverages,420.0,46,19320.0,0
2025-03-22,STR-BLR-01,SKU-1003,Arabica Coffee 250g,Beverages,420.0,52,21840.0,0
2025-03-23,STR-BLR-01,SKU-1003,Arabica Coffee 250g,Beverages,420.0,53,22260.0,0
2025-03-24,STR-BLR-01,SKU-1003,Arabica Coffee 250g,Beverages,420.0,40,16800.0,0
2025-03-25,STR-BLR-01,SKU-1003,Arabica Coffee 250g,Beverages,420.0,47,19740.0,0
2025-03-26,STR-BLR-01,SKU-1003,Arabica Coffee 250g,Beverages,420.0,47,19740.0,0
2025-03-27,STR-BLR-01,SKU-1003,Arabica Coffee 250g,Beverages,420.0,48,20160.0,0
2025-03-28,STR-BLR-01,SKU-1003,Arabica Coffee 250g,Beverages,420.0,44,18480.0,0
2025-03-29,STR-BLR-01,SKU-1003,Arabica Coffee 250g,Beverages,420.0,48,20160.0,0
2025-03-30,STR-BLR-01,SKU-1003,Arabica Coffee 250g,Beverages,420.0,60,25200.0,0
2025-03-31,STR-BLR-01,SKU-1003,Arabica Coffee 250g,Beverages,420.0,41,17220.0,0
2025-04-01,STR-BLR-01,SKU-1003,Arabica Coffee 250g,Beverages,420.0,50,21000.0,0
2025-04-02,STR-BLR-01,SKU-1003,Arabica Coffee 250g,Beverages,420.0,53,22260.0,0
2025-04-03,STR-BLR-01,SKU-1003,Arabica Coffee 250g,Beverages,420.0,54,22680.0,0
2025-04-04,STR-BLR-01,SKU-1003,Arabica Coffee 250g,Beverages,420.0,54,22680.0,0
2025-04-05,STR-BLR-01,SKU-1003,Arabica Coffee 250g,Beverages,420.0,65,27300.0,0
2025-04-06,STR-BLR-01,SKU-1003,Arabica Coffee 250g,Beverages,420.0,65,27300.0,0
2025-04-07,STR-BLR-01,SKU-1003,Arabica Coffee 250g,Beverages,420.0,59,24780.0,0
2025-04-08,STR-BLR-01,SKU-1003,Arabica Coffee 250g,Beverages,420.0,57,23940.0,0
2025-04-09,STR-BLR-01,SKU-1003,Arabica Coffee 250g,Beverages,420.0,59,24780.0,0
2025-04-10,STR-BLR-01,SKU-1003,Arabica Coffee 250g,Beverages,420.0,60,25200.0,0
2025-04-11,STR-BLR-01,SKU-1003,Arabica Coffee 250g,Beverages,420.0,55,23100.0,0
2025-04-12,STR-BLR-01,SKU-1003,Arabica Coffee 250g,Beverages,420.0,65,27300.0,0
2025-04-13,STR-BLR-01,SKU-1003,Arabica Coffee 250g,Beverages,420.0,66,27720.0,0
2025-04-14,STR-BLR-01,SKU-1003,Arabica Coffee 250g,Beverages,420.0,62,26040.0,0
2025-04-15,STR-BLR-01,SKU-1003,Arabica Coffee 250g,Beverages,420.0,61,25620.0,0
2025-04-16,STR-BLR-01,SKU-1003,Arabica Coffee 250g,Beverages,420.0,52,21840.0,0
2025-04-17,STR-BLR-01,SKU-1003,Arabica Coffee 250g,Beverages,420.0,52,21840.0,0
2025-04-18,STR-BLR-01,SKU-1003,Arabica Coffee 250g,Beverages,420.0,50,21000.0,0
2025-04-19,STR-BLR-01,SKU-1003,Arabica Coffee 250g,Beverages,420.0,52,21840.0,0
2025-04-20,STR-BLR-01,SKU-1003,Arabica Coffee 250g,Beverages,420.0,51,21420.0,0
2025-04-21,STR-BLR-01,SKU-1003,Arabica Coffee 250g,Beverages,420.0,48,20160.0,0
2025-04-22,STR-BLR-01,SKU-1003,Arabica Coffee 250g,Beverages,420.0,51,21420.0,0
2025-04-23,STR-BLR-01,SKU-1003,Arabica Coffee 250g,Beverages,420.0,48,20160.0,0
2025-04-24,STR-BLR-01,SKU-1003,Arabica Coffee 250g,Beverages,420.0,42,17640.0,0
2025-04-25,STR-BLR-01,SKU-1003,Arabica Coffee 250g,Beverages,420.0,51,21420.0,0
2025-04-26,STR-BLR-01,SKU-1003,Arabica Coffee 250g,Beverages,420.0,52,21840.0,0
2025-04-27,STR-BLR-01,SKU-1003,Arabica Coffee 250g,Beverages,420.0,54,22680.0,0
2025-04-28,STR-BLR-01,SKU-1003,Arabica Coffee 250g,Beverages,420.0,51,21420.0,0
2025-04-29,STR-BLR-01,SKU-1003,Arabica Coffee 250g,Beverages,420.0,52,21840.0,0
2025-04-30,STR-BLR-01,SKU-1003,Arabica Coffee 250g,Beverages,420.0,54,22680.0,0
2025-05-01,STR-BLR-01,SKU-1003,Arabica Coffee 250g,Beverages,420.0,46,19320.0,0
2025-05-02,STR-BLR-01,SKU-1003,Arabica Coffee 250g,Beverages,420.0,57,23940.0,0
2025-05-03,STR-BLR-01,SKU-1003,Arabica Coffee 250g,Beverages,420.0,57,23940.0,0
2025-05-04,STR-BLR-01,SKU-1003,Arabica Coffee 250g,Beverages,420.0,59,24780.0,0
2025-05-05,STR-BLR-01,SKU-1003,Arabica Coffee 250g,Beverages,420.0,58,24360.0,0
2025-05-06,STR-BLR-01,SKU-1003,Arabica Coffee 250g,Beverages,420.0,67,28140.0,0
2025-05-07,STR-BLR-01,SKU-1003,Arabica Coffee 250g,Beverages,420.0,55,23100.0,0
2025-05-08,STR-BLR-01,SKU-1003,Arabica Coffee 250g,Beverages,420.0,60,25200.0,0
2025-05-09,STR-BLR-01,SKU-1003,Arabica Coffee 250g,Beverages,420.0,79,33180.0,1
2025-05-10,STR-BLR-01,SKU-1003,Arabica Coffee 250g,Beverages,420.0,69,28980.0,0
2025-05-11,STR-BLR-01,SKU-1003,Arabica Coffee 250g,Beverages,420.0,62,26040.0,0
2025-05-12,STR-BLR-01,SKU-1003,Arabica Coffee 250g,Beverages,420.0,59,24780.0,0
2025-05-13,STR-BLR-01,SKU-1003,Arabica Coffee 250g,Beverages,420.0,53,22260.0,0
2025-05-14,STR-BLR-01,SKU-1003,Arabica Coffee 250g,Beverages,420.0,61,25620.0,0
2025-05-15,STR-BLR-01,SKU-1003,Arabica Coffee 250g,Beverages,420.0,48,20160.0,0
2025-05-16,STR-BLR-01,SKU-1003,Arabica Coffee 250g,Beverages,420.0,55,23100.0,0
2025-05-17,STR-BLR-01,SKU-1003,Arabica Coffee 250g,Beverages,420.0,57,23940.0,0
2025-05-18,STR-BLR-01,SKU-1003,Arabica Coffee 250g,Beverages,420.0,76,31920.0,1
2025-05-19,STR-BLR-01,SKU-1003,Arabica Coffee 250g,Beverages,420.0,44,18480.0,0
2025-05-20,STR-BLR-01,SKU-1003,Arabica Coffee 250g,Beverages,420.0,47,19740.0,0
2025-05-21,STR-BLR-01,SKU-1003,Arabica Coffee 250g,Beverages,420.0,51,21420.0,0
2025-05-22,STR-BLR-01,SKU-1003,Arabica Coffee 250g,Beverages,420.0,54,22680.0,0
2025-05-23,STR-BLR-01,SKU-1003,Arabica Coffee 250g,Beverages,420.0,46,19320.0,0
2025-05-24,STR-BLR-01,SKU-1003,Arabica Coffee 250g,Beverages,420.0,53,22260.0,0
2025-05-25,STR-BLR-01,SKU-1003,Arabica Coffee 250g,Beverages,420.0,51,21420.0,0
2025-05-26,STR-BLR-01,SKU-1003,Arabica Coffee 250g,Beverages,420.0,47,19740.0,0
2025-05-27,STR-BLR-01,SKU-1003,Arabica Coffee 250g,Beverages,420.0,47,19740.0,0
2025-05-28,STR-BLR-01,SKU-1003,Arabica Coffee 250g,Beverages,420.0,49,20580.0,0
2025-05-29,STR-BLR-01,SKU-1003,Arabica Coffee 250g,Beverages,420.0,53,22260.0,0
2025-05-30,STR-BLR-01,SKU-1003,Arabica Coffee 250g,Beverages,420.0,75,31500.0,1
2025-05-31,STR-BLR-01,SKU-1003,Arabica Coffee 250g,Beverages,420.0,52,21840.0,0
2025-06-01,STR-BLR-01,SKU-1003,Arabica Coffee 250g,Beverages,420.0,56,23520.0,0
2025-06-02,STR-BLR-01,SKU-1003,Arabica Coffee 250g,Beverages,420.0,51,21420.0,0
2025-06-03,STR-BLR-01,SKU-1003,Arabica Coffee 250g,Beverages,420.0,57,23940.0,0
2025-06-04,STR-BLR-01,SKU-1003,Arabica Coffee 250g,Beverages,420.0,57,23940.0,0
2025-06-05,STR-BLR-01,SKU-1003,Arabica Coffee 250g,Beverages,420.0,61,25620.0,0
2025-06-06,STR-BLR-01,SKU-1003,Arabica Coffee 250g,Beverages,420.0,62,26040.0,0
2025-06-07,STR-BLR-01,SKU-1003,Arabica Coffee 250g,Beverages,420.0,53,22260.0,0
2025-06-08,STR-BLR-01,SKU-1003,Arabica Coffee 250g,Beverages,420.0,53,22260.0,0
2025-06-09,STR-BLR-01,SKU-1003,Arabica Coffee 250g,Beverages,420.0,60,25200.0,0
2025-06-10,STR-BLR-01,SKU-1003,Arabica Coffee 250g,Beverages,420.0,65,27300.0,0
2025-06-11,STR-BLR-01,SKU-1003,Arabica Coffee 250g,Beverages,420.0,76,31920.0,1
2025-06-12,STR-BLR-01,SKU-1003,Arabica Coffee 250g,Beverages,420.0,55,23100.0,0
2025-06-13,STR-BLR-01,SKU-1003,Arabica Coffee 250g,Beverages,420.0,61,25620.0,0
2025-06-14,STR-BLR-01,SKU-1003,Arabica Coffee 250g,Beverages,420.0,63,26460.0,0
2025-06-15,STR-BLR-01,SKU-1003,Arabica Coffee 250g,Beverages,420.0,53,22260.0,0
2025-06-16,STR-BLR-01,SKU-1003,Arabica Coffee 250g,Beverages,420.0,55,23100.0,0
2025-06-17,STR-BLR-01,SKU-1003,Arabica Coffee 250g,Beverages,420.0,48,20160.0,0
2025-06-18,STR-BLR-01,SKU-1003,Arabica Coffee 250g,Beverages,420.0,47,19740.0,0
2025-06-19,STR-BLR-01,SKU-1003,Arabica Coffee 250g,Beverages,420.0,45,18900.0,0
2025-06-20,STR-BLR-01,SKU-1003,Arabica Coffee 250g,Beverages,420.0,43,18060.0,0
2025-06-21,STR-BLR-01,SKU-1003,Arabica Coffee 250g,Beverages,420.0,51,21420.0,0
2025-06-22,STR-BLR-01,SKU-1003,Arabica Coffee 250g,Beverages,420.0,45,18900.0,0
2025-06-23,STR-BLR-01,SKU-1003,Arabica Coffee 250g,Beverages,420.0,47,19740.0,0
2025-06-24,STR-BLR-01,SKU-1003,Arabica Coffee 250g,Beverages,420.0,48,20160.0,0
2025-06-25,STR-BLR-01,SKU-1003,Arabica Coffee 250g,Beverages,420.0,47,19740.0,0
2025-06-26,STR-BLR-01,SKU-1003,Arabica Coffee 250g,Beverages,420.0,47,19740.0,0
2025-06-27,STR-BLR-01,SKU-1003,Arabica Coffee 250g,Beverages,420.0,64,26880.0,1
2025-06-28,STR-BLR-01,SKU-1003,Arabica Coffee 250g,Beverages,420.0,50,21000.0,0
2025-06-29,STR-BLR-01,SKU-1003,Arabica Coffee 250g,Beverages,420.0,62,26040.0,0
2025-01-01,STR-BLR-01,SKU-1004,Basmati Rice 5kg,Grocery,650.0,32,20800.0,0
2025-01-02,STR-BLR-01,SKU-1004,Basmati Rice 5kg,Grocery,650.0,39,25350.0,0
2025-01-03,STR-BLR-01,SKU-1004,Basmati Rice 5kg,Grocery,650.0,49,31850.0,0
2025-01-04,STR-BLR-01,SKU-1004,Basmati Rice 5kg,Grocery,650.0,66,42900.0,1
2025-01-05,STR-BLR-01,SKU-1004,Basmati Rice 5kg,Grocery,650.0,44,28600.0,0
2025-01-06,STR-BLR-01,SKU-1004,Basmati Rice 5kg,Grocery,650.0,44,28600.0,0
2025-01-07,STR-BLR-01,SKU-1004,Basmati Rice 5kg,Grocery,650.0,43,27950.0,0
2025-01-08,STR-BLR-01,SKU-1004,Basmati Rice 5kg,Grocery,650.0,39,25350.0,0
2025-01-09,STR-BLR-01,SKU-1004,Basmati Rice 5kg,Grocery,650.0,43,27950.0,0
2025-01-10,STR-BLR-01,SKU-1004,Basmati Rice 5kg,Grocery,650.0,44,28600.0,0
2025-01-11,STR-BLR-01,SKU-1004,Basmati Rice 5kg,Grocery,650.0,46,29900.0,0
2025-01-12,STR-BLR-01,SKU-1004,Basmati Rice 5kg,Grocery,650.0,49,31850.0,0
2025-01-13,STR-BLR-01,SKU-1004,Basmati Rice 5kg,Grocery,650.0,43,27950.0,0
2025-01-14,STR-BLR-01,SKU-1004,Basmati Rice 5kg,Grocery,650.0,44,28600.0,0
2025-01-15,STR-BLR-01,SKU-1004,Basmati Rice 5kg,Grocery,650.0,55,35750.0,1
2025-01-16,STR-BLR-01,SKU-1004,Basmati Rice 5kg,Grocery,650.0,39,25350.0,0
2025-01-17,STR-BLR-01,SKU-1004,Basmati Rice 5kg,Grocery,650.0,38,24700.0,0
2025-01-18,STR-BLR-01,SKU-1004,Basmati Rice 5kg,Grocery,650.0,34,22100.0,0
2025-01-19,STR-BLR-01,SKU-1004,Basmati Rice 5kg,Grocery,650.0,37,24050.0,0
2025-01-20,STR-BLR-01,SKU-1004,Basmati Rice 5kg,Grocery,650.0,31,20150.0,0
2025-01-21,STR-BLR-01,SKU-1004,Basmati Rice 5kg,Grocery,650.0,31,20150.0,0
2025-01-22,STR-BLR-01,SKU-1004,Basmati Rice 5kg,Grocery,650.0,31,20150.0,0
2025-01-23,STR-BLR-01,SKU-1004,Basmati Rice 5kg,Grocery,650.0,29,18850.0,0
2025-01-24,STR-BLR-01,SKU-1004,Basmati Rice 5kg,Grocery,650.0,38,24700.0,1
2025-01-25,STR-BLR-01,SKU-1004,Basmati Rice 5kg,Grocery,650.0,32,20800.0,0
2025-01-26,STR-BLR-01,SKU-1004,Basmati Rice 5kg,Grocery,650.0,43,27950.0,1
2025-01-27,STR-BLR-01,SKU-1004,Basmati Rice 5kg,Grocery,650.0,31,20150.0,0
2025-01-28,STR-BLR-01,SKU-1004,Basmati Rice 5kg,Grocery,650.0,33,21450.0,0
2025-01-29,STR-BLR-01,SKU-1004,Basmati Rice 5kg,Grocery,650.0,29,18850.0,0
2025-01-30,STR-BLR-01,SKU-1004,Basmati Rice 5kg,Grocery,650.0,35,22750.0,0
2025-01-31,STR-BLR-01,SKU-1004,Basmati Rice 5kg,Grocery,650.0,41,26650.0,0
2025-02-01,STR-BLR-01,SKU-1004,Basmati Rice 5kg,Grocery,650.0,45,29250.0,0
2025-02-02,STR-BLR-01,SKU-1004,Basmati Rice 5kg,Grocery,650.0,42,27300.0,0
2025-02-03,STR-BLR-01,SKU-1004,Basmati Rice 5kg,Grocery,650.0,42,27300.0,0
2025-02-04,STR-BLR-01,SKU-1004,Basmati Rice 5kg,Grocery,650.0,35,22750.0,0
2025-02-05,STR-BLR-01,SKU-1004,Basmati Rice 5kg,Grocery,650.0,42,27300.0,0
2025-02-06,STR-BLR-01,SKU-1004,Basmati Rice 5kg,Grocery,650.0,47,30550.0,0
2025-02-07,STR-BLR-01,SKU-1004,Basmati Rice 5kg,Grocery,650.0,43,27950.0,0
2025-02-08,STR-BLR-01,SKU-1004,Basmati Rice 5kg,Grocery,650.0,50,32500.0,0
2025-02-09,STR-BLR-01,SKU-1004,Basmati Rice 5kg,Grocery,650.0,50,32500.0,0
2025-02-10,STR-BLR-01,SKU-1004,Basmati Rice 5kg,Grocery,650.0,42,27300.0,0
2025-02-11,STR-BLR-01,SKU-1004,Basmati Rice 5kg,Grocery,650.0,43,27950.0,0
2025-02-12,STR-BLR-01,SKU-1004,Basmati Rice 5kg,Grocery,650.0,46,29900.0,0
2025-02-13,STR-BLR-01,SKU-1004,Basmati Rice 5kg,Grocery,650.0,36,23400.0,0
2025-02-14,STR-BLR-01,SKU-1004,Basmati Rice 5kg,Grocery,650.0,38,24700.0,0
2025-02-15,STR-BLR-01,SKU-1004,Basmati Rice 5kg,Grocery,650.0,34,22100.0,0
2025-02-16,STR-BLR-01,SKU-1004,Basmati Rice 5kg,Grocery,650.0,35,22750.0,0
2025-02-17,STR-BLR-01,SKU-1004,Basmati Rice 5kg,Grocery,650.0,53,34450.0,1
2025-02-18,STR-BLR-01,SKU-1004,Basmati Rice 5kg,Grocery,650.0,32,20800.0,0
2025-02-19,STR-BLR-01,SKU-1004,Basmati Rice 5kg,Grocery,650.0,27,17550.0,0
2025-02-20,STR-BLR-01,SKU-1004,Basmati Rice 5kg,Grocery,650.0,29,18850.0,0
2025-02-21,STR-BLR-01,SKU-1004,Basmati Rice 5kg,Grocery,650.0,27,17550.0,0
2025-02-22,STR-BLR-01,SKU-1004,Basmati Rice 5kg,Grocery,650.0,32,20800.0,0
2025-02-23,STR-BLR-01,SKU-1004,Basmati Rice 5kg,Grocery,650.0,33,21450.0,0
2025-02-24,STR-BLR-01,SKU-1004,Basmati Rice 5kg,Grocery,650.0,33,21450.0,0
2025-02-25,STR-BLR-01,SKU-1004,Basmati Rice 5kg,Grocery,650.0,44,28600.0,1
2025-02-26,STR-BLR-01,SKU-1004,Basmati Rice 5kg,Grocery,650.0,28,18200.0,0
2025-02-27,STR-BLR-01,SKU-1004,Basmati Rice 5kg,Grocery,650.0,34,22100.0,0
2025-02-28,STR-BLR-01,SKU-1004,Basmati Rice 5kg,Grocery,650.0,34,22100.0,0
2025-03-01,STR-BLR-01,SKU-1004,Basmati Rice 5kg,Grocery,650.0,41,26650.0,0
2025-03-02,STR-BLR-01,SKU-1004,Basmati Rice 5kg,Grocery,650.0,41,26650.0,0
2025-03-03,STR-BLR-01,SKU-1004,Basmati Rice 5kg,Grocery,650.0,45,29250.0,0
2025-03-04,STR-BLR-01,SKU-1004,Basmati Rice 5kg,Grocery,650.0,37,24050.0,0
2025-03-05,STR-BLR-01,SKU-1004,Basmati Rice 5kg,Grocery,650.0,38,24700.0,0
2025-03-06,STR-BLR-01,SKU-1004,Basmati Rice 5kg,Grocery,650.0,41,26650.0,0
2025-03-07,STR-BLR-01,SKU-1004,Basmati Rice 5kg,Grocery,650.0,43,27950.0,0
2025-03-08,STR-BLR-01,SKU-1004,Basmati Rice 5kg,Grocery,650.0,44,28600.0,0
2025-03-09,STR-BLR-01,SKU-1004,Basmati Rice 5kg,Grocery,650.0,43,27950.0,0
2025-03-10,STR-BLR-01,SKU-1004,Basmati Rice 5kg,Grocery,650.0,46,29900.0,0
2025-03-11,STR-BLR-01,SKU-1004,Basmati Rice 5kg,Grocery,650.0,42,27300.0,0
2025-03-12,STR-BLR-01,SKU-1004,Basmati Rice 5kg,Grocery,650.0,41,26650.0,0
2025-03-13,STR-BLR-01,SKU-1004,Basmati Rice 5kg,Grocery,650.0,38,24700.0,0
2025-03-14,STR-BLR-01,SKU-1004,Basmati Rice 5kg,Grocery,650.0,34,22100.0,0
2025-03-15,STR-BLR-01,SKU-1004,Basmati Rice 5kg,Grocery,650.0,47,30550.0,0
2025-03-16,STR-BLR-01,SKU-1004,Basmati Rice 5kg,Grocery,650.0,45,29250.0,0
2025-03-17,STR-BLR-01,SKU-1004,Basmati Rice 5kg,Grocery,650.0,54,35100.0,1
2025-03-18,STR-BLR-01,SKU-1004,Basmati Rice 5kg,Grocery,650.0,37,24050.0,0
2025-03-19,STR-BLR-01,SKU-1004,Basmati Rice 5kg,Grocery,650.0,33,21450.0,0
2025-03-20,STR-BLR-01,SKU-1004,Basmati Rice 5kg,Grocery,650.0,35,22750.0,0
2025-03-21,STR-BLR-01,SKU-1004,Basmati Rice 5kg,Grocery,650.0,29,18850.0,0
2025-03-22,STR-BLR-01,SKU-1004,Basmati Rice 5kg,Grocery,650.0,33,21450.0,0
2025-03-23,STR-BLR-01,SKU-1004,Basmati Rice 5kg,Grocery,650.0,30,19500.0,0
2025-03-24,STR-BLR-01,SKU-1004,Basmati Rice 5kg,Grocery,650.0,32,20800.0,0
2025-03-25,STR-BLR-01,SKU-1004,Basmati Rice 5kg,Grocery,650.0,34,22100.0,0
2025-03-26,STR-BLR-01,SKU-1004,Basmati Rice 5kg,Grocery,650.0,28,18200.0,0
2025-03-27,STR-BLR-01,SKU-1004,Basmati Rice 5kg,Grocery,650.0,30,19500.0,0
2025-03-28,STR-BLR-01,SKU-1004,Basmati Rice 5kg,Grocery,650.0,32,20800.0,0
2025-03-29,STR-BLR-01,SKU-1004,Basmati Rice 5kg,Grocery,650.0,30,19500.0,0
2025-03-30,STR-BLR-01,SKU-1004,Basmati Rice 5kg,Grocery,650.0,32,20800.0,0
2025-03-31,STR-BLR-01,SKU-1004,Basmati Rice 5kg,Grocery,650.0,40,26000.0,0
2025-04-01,STR-BLR-01,SKU-1004,Basmati Rice 5kg,Grocery,650.0,38,24700.0,0
2025-04-02,STR-BLR-01,SKU-1004,Basmati Rice 5kg,Grocery,650.0,37,24050.0,0
2025-04-03,STR-BLR-01,SKU-1004,Basmati Rice 5kg,Grocery,650.0,40,26000.0,0
2025-04-04,STR-BLR-01,SKU-1004,Basmati Rice 5kg,Grocery,650.0,40,26000.0,0
2025-04-05,STR-BLR-01,SKU-1004,Basmati Rice 5kg,Grocery,650.0,45,29250.0,0
2025-04-06,STR-BLR-01,SKU-1004,Basmati Rice 5kg,Grocery,650.0,44,28600.0,0
2025-04-07,STR-BLR-01,SKU-1004,Basmati Rice 5kg,Grocery,650.0,44,28600.0,0
2025-04-08,STR-BLR-01,SKU-1004,Basmati Rice 5kg,Grocery,650.0,47,30550.0,0
2025-04-09,STR-BLR-01,SKU-1004,Basmati Rice 5kg,Grocery,650.0,63,40950.0,1
2025-04-10,STR-BLR-01,SKU-1004,Basmati Rice 5kg,Grocery,650.0,49,31850.0,0
2025-04-11,STR-BLR-01,SKU-1004,Basmati Rice 5kg,Grocery,650.0,45,29250.0,0
2025-04-12,STR-BLR-01,SKU-1004,Basmati Rice 5kg,Grocery,650.0,61,39650.0,1
2025-04-13,STR-BLR-01,SKU-1004,Basmati Rice 5kg,Grocery,650.0,49,31850.0,0
2025-04-14,STR-BLR-01,SKU-1004,Basmati Rice 5kg,Grocery,650.0,40,26000.0,0
2025-04-15,STR-BLR-01,SKU-1004,Basmati Rice 5kg,Grocery,650.0,32,20800.0,0
2025-04-16,STR-BLR-01,SKU-1004,Basmati Rice 5kg,Grocery,650.0,54,35100.0,1
2025-04-17,STR-BLR-01,SKU-1004,Basmati Rice 5kg,Grocery,650.0,37,24050.0,0
2025-04-18,STR-BLR-01,SKU-1004,Basmati Rice 5kg,Grocery,650.0,34,22100.0,0
2025-04-19,STR-BLR-01,SKU-1004,Basmati Rice 5kg,Grocery,650.0,37,24050.0,0
2025-04-20,STR-BLR-01,SKU-1004,Basmati Rice 5kg,Grocery,650.0,32,20800.0,0
2025-04-21,STR-BLR-01,SKU-1004,Basmati Rice 5kg,Grocery,650.0,26,16900.0,0
2025-04-22,STR-BLR-01,SKU-1004,Basmati Rice 5kg,Grocery,650.0,33,21450.0,0
2025-04-23,STR-BLR-01,SKU-1004,Basmati Rice 5kg,Grocery,650.0,29,18850.0,0
2025-04-24,STR-BLR-01,SKU-1004,Basmati Rice 5kg,Grocery,650.0,28,18200.0,0
2025-04-25,STR-BLR-01,SKU-1004,Basmati Rice 5kg,Grocery,650.0,25,16250.0,0
2025-04-26,STR-BLR-01,SKU-1004,Basmati Rice 5kg,Grocery,650.0,35,22750.0,0
2025-04-27,STR-BLR-01,SKU-1004,Basmati Rice 5kg,Grocery,650.0,27,17550.0,0
2025-04-28,STR-BLR-01,SKU-1004,Basmati Rice 5kg,Grocery,650.0,37,24050.0,0
2025-04-29,STR-BLR-01,SKU-1004,Basmati Rice 5kg,Grocery,650.0,34,22100.0,0
2025-04-30,STR-BLR-01,SKU-1004,Basmati Rice 5kg,Grocery,650.0,38,24700.0,0
2025-05-01,STR-BLR-01,SKU-1004,Basmati Rice 5kg,Grocery,650.0,39,25350.0,0
2025-05-02,STR-BLR-01,SKU-1004,Basmati Rice 5kg,Grocery,650.0,61,39650.0,1
2025-05-03,STR-BLR-01,SKU-1004,Basmati Rice 5kg,Grocery,650.0,44,28600.0,0
2025-05-04,STR-BLR-01,SKU-1004,Basmati Rice 5kg,Grocery,650.0,48,31200.0,0
2025-05-05,STR-BLR-01,SKU-1004,Basmati Rice 5kg,Grocery,650.0,41,26650.0,0
2025-05-06,STR-BLR-01,SKU-1004,Basmati Rice 5kg,Grocery,650.0,52,33800.0,1
2025-05-07,STR-BLR-01,SKU-1004,Basmati Rice 5kg,Grocery,650.0,48,31200.0,0
2025-05-08,STR-BLR-01,SKU-1004,Basmati Rice 5kg,Grocery,650.0,39,25350.0,0
2025-05-09,STR-BLR-01,SKU-1004,Basmati Rice 5kg,Grocery,650.0,47,30550.0,0
2025-05-10,STR-BLR-01,SKU-1004,Basmati Rice 5kg,Grocery,650.0,42,27300.0,0
2025-05-11,STR-BLR-01,SKU-1004,Basmati Rice 5kg,Grocery,650.0,47,30550.0,0
2025-05-12,STR-BLR-01,SKU-1004,Basmati Rice 5kg,Grocery,650.0,49,31850.0,0
2025-05-13,STR-BLR-01,SKU-1004,Basmati Rice 5kg,Grocery,650.0,44,28600.0,0
2025-05-14,STR-BLR-01,SKU-1004,Basmati Rice 5kg,Grocery,650.0,40,26000.0,0
2025-05-15,STR-BLR-01,SKU-1004,Basmati Rice 5kg,Grocery,650.0,55,35750.0,1
2025-05-16,STR-BLR-01,SKU-1004,Basmati Rice 5kg,Grocery,650.0,36,23400.0,0
2025-05-17,STR-BLR-01,SKU-1004,Basmati Rice 5kg,Grocery,650.0,61,39650.0,1
2025-05-18,STR-BLR-01,SKU-1004,Basmati Rice 5kg,Grocery,650.0,34,22100.0,0
2025-05-19,STR-BLR-01,SKU-1004,Basmati Rice 5kg,Grocery,650.0,45,29250.0,1
2025-05-20,STR-BLR-01,SKU-1004,Basmati Rice 5kg,Grocery,650.0,34,22100.0,0
2025-05-21,STR-BLR-01,SKU-1004,Basmati Rice 5kg,Grocery,650.0,32,20800.0,0
2025-05-22,STR-BLR-01,SKU-1004,Basmati Rice 5kg,Grocery,650.0,32,20800.0,0
2025-05-23,STR-BLR-01,SKU-1004,Basmati Rice 5kg,Grocery,650.0,29,18850.0,0
2025-05-24,STR-BLR-01,SKU-1004,Basmati Rice 5kg,Grocery,650.0,31,20150.0,0
2025-05-25,STR-BLR-01,SKU-1004,Basmati Rice 5kg,Grocery,650.0,34,22100.0,0
2025-05-26,STR-BLR-01,SKU-1004,Basmati Rice 5kg,Grocery,650.0,33,21450.0,0
2025-05-27,STR-BLR-01,SKU-1004,Basmati Rice 5kg,Grocery,650.0,33,21450.0,0
2025-05-28,STR-BLR-01,SKU-1004,Basmati Rice 5kg,Grocery,650.0,37,24050.0,0
2025-05-29,STR-BLR-01,SKU-1004,Basmati Rice 5kg,Grocery,650.0,37,24050.0,0
2025-05-30,STR-BLR-01,SKU-1004,Basmati Rice 5kg,Grocery,650.0,38,24700.0,0
2025-05-31,STR-BLR-01,SKU-1004,Basmati Rice 5kg,Grocery,650.0,34,22100.0,0
2025-06-01,STR-BLR-01,SKU-1004,Basmati Rice 5kg,Grocery,650.0,42,27300.0,0
2025-06-02,STR-BLR-01,SKU-1004,Basmati Rice 5kg,Grocery,650.0,41,26650.0,0
2025-06-03,STR-BLR-01,SKU-1004,Basmati Rice 5kg,Grocery,650.0,47,30550.0,0
2025-06-04,STR-BLR-01,SKU-1004,Basmati Rice 5kg,Grocery,650.0,33,21450.0,0
2025-06-05,STR-BLR-01,SKU-1004,Basmati Rice 5kg,Grocery,650.0,43,27950.0,0
2025-06-06,STR-BLR-01,SKU-1004,Basmati Rice 5kg,Grocery,650.0,45,29250.0,0
2025-06-07,STR-BLR-01,SKU-1004,Basmati Rice 5kg,Grocery,650.0,43,27950.0,0
2025-06-08,STR-BLR-01,SKU-1004,Basmati Rice 5kg,Grocery,650.0,43,27950.0,0
2025-06-09,STR-BLR-01,SKU-1004,Basmati Rice 5kg,Grocery,650.0,67,43550.0,1
2025-06-10,STR-BLR-01,SKU-1004,Basmati Rice 5kg,Grocery,650.0,45,29250.0,0
2025-06-11,STR-BLR-01,SKU-1004,Basmati Rice 5kg,Grocery,650.0,49,31850.0,0
2025-06-12,STR-BLR-01,SKU-1004,Basmati Rice 5kg,Grocery,650.0,41,26650.0,0
2025-06-13,STR-BLR-01,SKU-1004,Basmati Rice 5kg,Grocery,650.0,36,23400.0,0
2025-06-14,STR-BLR-01,SKU-1004,Basmati Rice 5kg,Grocery,650.0,40,26000.0,0
2025-06-15,STR-BLR-01,SKU-1004,Basmati Rice 5kg,Grocery,650.0,38,24700.0,0
2025-06-16,STR-BLR-01,SKU-1004,Basmati Rice 5kg,Grocery,650.0,38,24700.0,0
2025-06-17,STR-BLR-01,SKU-1004,Basmati Rice 5kg,Grocery,650.0,36,23400.0,0
2025-06-18,STR-BLR-01,SKU-1004,Basmati Rice 5kg,Grocery,650.0,35,22750.0,0
2025-06-19,STR-BLR-01,SKU-1004,Basmati Rice 5kg,Grocery,650.0,38,24700.0,0
2025-06-20,STR-BLR-01,SKU-1004,Basmati Rice 5kg,Grocery,650.0,35,22750.0,0
2025-06-21,STR-BLR-01,SKU-1004,Basmati Rice 5kg,Grocery,650.0,30,19500.0,0
2025-06-22,STR-BLR-01,SKU-1004,Basmati Rice 5kg,Grocery,650.0,34,22100.0,0
2025-06-23,STR-BLR-01,SKU-1004,Basmati Rice 5kg,Grocery,650.0,30,19500.0,0
2025-06-24,STR-BLR-01,SKU-1004,Basmati Rice 5kg,Grocery,650.0,30,19500.0,0
2025-06-25,STR-BLR-01,SKU-1004,Basmati Rice 5kg,Grocery,650.0,35,22750.0,0
2025-06-26,STR-BLR-01,SKU-1004,Basmati Rice 5kg,Grocery,650.0,30,19500.0,0
2025-06-27,STR-BLR-01,SKU-1004,Basmati Rice 5kg,Grocery,650.0,36,23400.0,0
2025-06-28,STR-BLR-01,SKU-1004,Basmati Rice 5kg,Grocery,650.0,38,24700.0,0
2025-06-29,STR-BLR-01,SKU-1004,Basmati Rice 5kg,Grocery,650.0,35,22750.0,0
2025-01-01,STR-BLR-01,SKU-1005,Greek Yogurt Pack,Dairy,95.0,47,4465.0,0
2025-01-02,STR-BLR-01,SKU-1005,Greek Yogurt Pack,Dairy,95.0,70,6650.0,0
2025-01-03,STR-BLR-01,SKU-1005,Greek Yogurt Pack,Dairy,95.0,68,6460.0,0
2025-01-04,STR-BLR-01,SKU-1005,Greek Yogurt Pack,Dairy,95.0,81,7695.0,0
2025-01-05,STR-BLR-01,SKU-1005,Greek Yogurt Pack,Dairy,95.0,76,7220.0,0
2025-01-06,STR-BLR-01,SKU-1005,Greek Yogurt Pack,Dairy,95.0,79,7505.0,0
2025-01-07,STR-BLR-01,SKU-1005,Greek Yogurt Pack,Dairy,95.0,91,8645.0,1
2025-01-08,STR-BLR-01,SKU-1005,Greek Yogurt Pack,Dairy,95.0,74,7030.0,0
2025-01-09,STR-BLR-01,SKU-1005,Greek Yogurt Pack,Dairy,95.0,69,6555.0,0
2025-01-10,STR-BLR-01,SKU-1005,Greek Yogurt Pack,Dairy,95.0,70,6650.0,0
2025-01-11,STR-BLR-01,SKU-1005,Greek Yogurt Pack,Dairy,95.0,76,7220.0,0
2025-01-12,STR-BLR-01,SKU-1005,Greek Yogurt Pack,Dairy,95.0,77,7315.0,0
2025-01-13,STR-BLR-01,SKU-1005,Greek Yogurt Pack,Dairy,95.0,63,5985.0,0
2025-01-14,STR-BLR-01,SKU-1005,Greek Yogurt Pack,Dairy,95.0,68,6460.0,0
2025-01-15,STR-BLR-01,SKU-1005,Greek Yogurt Pack,Dairy,95.0,64,6080.0,0
2025-01-16,STR-BLR-01,SKU-1005,Greek Yogurt Pack,Dairy,95.0,55,5225.0,0
2025-01-17,STR-BLR-01,SKU-1005,Greek Yogurt Pack,Dairy,95.0,51,4845.0,0
2025-01-18,STR-BLR-01,SKU-1005,Greek Yogurt Pack,Dairy,95.0,68,6460.0,0
2025-01-19,STR-BLR-01,SKU-1005,Greek Yogurt Pack,Dairy,95.0,50,4750.0,0
2025-01-20,STR-BLR-01,SKU-1005,Greek Yogurt Pack,Dairy,95.0,54,5130.0,0
2025-01-21,STR-BLR-01,SKU-1005,Greek Yogurt Pack,Dairy,95.0,47,4465.0,0
2025-01-22,STR-BLR-01,SKU-1005,Greek Yogurt Pack,Dairy,95.0,60,5700.0,0
2025-01-23,STR-BLR-01,SKU-1005,Greek Yogurt Pack,Dairy,95.0,55,5225.0,0
2025-01-24,STR-BLR-01,SKU-1005,Greek Yogurt Pack,Dairy,95.0,54,5130.0,0
2025-01-25,STR-BLR-01,SKU-1005,Greek Yogurt Pack,Dairy,95.0,53,5035.0,0
2025-01-26,STR-BLR-01,SKU-1005,Greek Yogurt Pack,Dairy,95.0,52,4940.0,0
2025-01-27,STR-BLR-01,SKU-1005,Greek Yogurt Pack,Dairy,95.0,56,5320.0,0
2025-01-28,STR-BLR-01,SKU-1005,Greek Yogurt Pack,Dairy,95.0,56,5320.0,0
2025-01-29,STR-BLR-01,SKU-1005,Greek Yogurt Pack,Dairy,95.0,72,6840.0,1
2025-01-30,STR-BLR-01,SKU-1005,Greek Yogurt Pack,Dairy,95.0,55,5225.0,0
2025-01-31,STR-BLR-01,SKU-1005,Greek Yogurt Pack,Dairy,95.0,56,5320.0,0
2025-02-01,STR-BLR-01,SKU-1005,Greek Yogurt Pack,Dairy,95.0,63,5985.0,0
2025-02-02,STR-BLR-01,SKU-1005,Greek Yogurt Pack,Dairy,95.0,68,6460.0,0
2025-02-03,STR-BLR-01,SKU-1005,Greek Yogurt Pack,Dairy,95.0,69,6555.0,0
2025-02-04,STR-BLR-01,SKU-1005,Greek Yogurt Pack,Dairy,95.0,72,6840.0,0
2025-02-05,STR-BLR-01,SKU-1005,Greek Yogurt Pack,Dairy,95.0,70,6650.0,0
2025-02-06,STR-BLR-01,SKU-1005,Greek Yogurt Pack,Dairy,95.0,72,6840.0,0
2025-02-07,STR-BLR-01,SKU-1005,Greek Yogurt Pack,Dairy,95.0,75,7125.0,0
2025-02-08,STR-BLR-01,SKU-1005,Greek Yogurt Pack,Dairy,95.0,65,6175.0,0
2025-02-09,STR-BLR-01,SKU-1005,Greek Yogurt Pack,Dairy,95.0,78,7410.0,0
2025-02-10,STR-BLR-01,SKU-1005,Greek Yogurt Pack,Dairy,95.0,78,7410.0,0
2025-02-11,STR-BLR-01,SKU-1005,Greek Yogurt Pack,Dairy,95.0,58,5510.0,0
2025-02-12,STR-BLR-01,SKU-1005,Greek Yogurt Pack,Dairy,95.0,53,5035.0,0
2025-02-13,STR-BLR-01,SKU-1005,Greek Yogurt Pack,Dairy,95.0,65,6175.0,0
2025-02-14,STR-BLR-01,SKU-1005,Greek Yogurt Pack,Dairy,95.0,69,6555.0,0
2025-02-15,STR-BLR-01,SKU-1005,Greek Yogurt Pack,Dairy,95.0,66,6270.0,0
2025-02-16,STR-BLR-01,SKU-1005,Greek Yogurt Pack,Dairy,95.0,68,6460.0,0
2025-02-17,STR-BLR-01,SKU-1005,Greek Yogurt Pack,Dairy,95.0,60,5700.0,0
2025-02-18,STR-BLR-01,SKU-1005,Greek Yogurt Pack,Dairy,95.0,51,4845.0,0
2025-02-19,STR-BLR-01,SKU-1005,Greek Yogurt Pack,Dairy,95.0,51,4845.0,0
2025-02-20,STR-BLR-01,SKU-1005,Greek Yogurt Pack,Dairy,95.0,46,4370.0,0
2025-02-21,STR-BLR-01,SKU-1005,Greek Yogurt Pack,Dairy,95.0,59,5605.0,0
2025-02-22,STR-BLR-01,SKU-1005,Greek Yogurt Pack,Dairy,95.0,61,5795.0,0
2025-02-23,STR-BLR-01,SKU-1005,Greek Yogurt Pack,Dairy,95.0,56,5320.0,0
2025-02-24,STR-BLR-01,SKU-1005,Greek Yogurt Pack,Dairy,95.0,52,4940.0,0
2025-02-25,STR-BLR-01,SKU-1005,Greek Yogurt Pack,Dairy,95.0,50,4750.0,0
2025-02-26,STR-BLR-01,SKU-1005,Greek Yogurt Pack,Dairy,95.0,57,5415.0,0
2025-02-27,STR-BLR-01,SKU-1005,Greek Yogurt Pack,Dairy,95.0,53,5035.0,0
2025-02-28,STR-BLR-01,SKU-1005,Greek Yogurt Pack,Dairy,95.0,56,5320.0,0
2025-03-01,STR-BLR-01,SKU-1005,Greek Yogurt Pack,Dairy,95.0,62,5890.0,0
2025-03-02,STR-BLR-01,SKU-1005,Greek Yogurt Pack,Dairy,95.0,71,6745.0,0
2025-03-03,STR-BLR-01,SKU-1005,Greek Yogurt Pack,Dairy,95.0,63,5985.0,0
2025-03-04,STR-BLR-01,SKU-1005,Greek Yogurt Pack,Dairy,95.0,67,6365.0,0
2025-03-05,STR-BLR-01,SKU-1005,Greek Yogurt Pack,Dairy,95.0,61,5795.0,0
2025-03-06,STR-BLR-01,SKU-1005,Greek Yogurt Pack,Dairy,95.0,66,6270.0,0
2025-03-07,STR-BLR-01,SKU-1005,Greek Yogurt Pack,Dairy,95.0,71,6745.0,0
2025-03-08,STR-BLR-01,SKU-1005,Greek Yogurt Pack,Dairy,95.0,67,6365.0,0
2025-03-09,STR-BLR-01,SKU-1005,Greek Yogurt Pack,Dairy,95.0,76,7220.0,0
2025-03-10,STR-BLR-01,SKU-1005,Greek Yogurt Pack,Dairy,95.0,71,6745.0,0
2025-03-11,STR-BLR-01,SKU-1005,Greek Yogurt Pack,Dairy,95.0,86,8170.0,1
2025-03-12,STR-BLR-01,SKU-1005,Greek Yogurt Pack,Dairy,95.0,76,7220.0,0
2025-03-13,STR-BLR-01,SKU-1005,Greek Yogurt Pack,Dairy,95.0,71,6745.0,0
2025-03-14,STR-BLR-01,SKU-1005,Greek Yogurt Pack,Dairy,95.0,67,6365.0,0
2025-03-15,STR-BLR-01,SKU-1005,Greek Yogurt Pack,Dairy,95.0,67,6365.0,0
2025-03-16,STR-BLR-01,SKU-1005,Greek Yogurt Pack,Dairy,95.0,60,5700.0,0
2025-03-17,STR-BLR-01,SKU-1005,Greek Yogurt Pack,Dairy,95.0,67,6365.0,0
2025-03-18,STR-BLR-01,SKU-1005,Greek Yogurt Pack,Dairy,95.0,58,5510.0,0
2025-03-19,STR-BLR-01,SKU-1005,Greek Yogurt Pack,Dairy,95.0,52,4940.0,0
2025-03-20,STR-BLR-01,SKU-1005,Greek Yogurt Pack,Dairy,95.0,53,5035.0,0
2025-03-21,STR-BLR-01,SKU-1005,Greek Yogurt Pack,Dairy,95.0,57,5415.0,0
2025-03-22,STR-BLR-01,SKU-1005,Greek Yogurt Pack,Dairy,95.0,59,5605.0,0
2025-03-23,STR-BLR-01,SKU-1005,Greek Yogurt Pack,Dairy,95.0,52,4940.0,0
2025-03-24,STR-BLR-01,SKU-1005,Greek Yogurt Pack,Dairy,95.0,57,5415.0,0
2025-03-25,STR-BLR-01,SKU-1005,Greek Yogurt Pack,Dairy,95.0,47,4465.0,0
2025-03-26,STR-BLR-01,SKU-1005,Greek Yogurt Pack,Dairy,95.0,59,5605.0,0
2025-03-27,STR-BLR-01,SKU-1005,Greek Yogurt Pack,Dairy,95.0,55,5225.0,0
2025-03-28,STR-BLR-01,SKU-1005,Greek Yogurt Pack,Dairy,95.0,53,5035.0,0
2025-03-29,STR-BLR-01,SKU-1005,Greek Yogurt Pack,Dairy,95.0,60,5700.0,0
2025-03-30,STR-BLR-01,SKU-1005,Greek Yogurt Pack,Dairy,95.0,63,5985.0,0
2025-03-31,STR-BLR-01,SKU-1005,Greek Yogurt Pack,Dairy,95.0,63,5985.0,0
2025-04-01,STR-BLR-01,SKU-1005,Greek Yogurt Pack,Dairy,95.0,53,5035.0,0
2025-04-02,STR-BLR-01,SKU-1005,Greek Yogurt Pack,Dairy,95.0,60,5700.0,0
2025-04-03,STR-BLR-01,SKU-1005,Greek Yogurt Pack,Dairy,95.0,66,6270.0,0
2025-04-04,STR-BLR-01,SKU-1005,Greek Yogurt Pack,Dairy,95.0,74,7030.0,0
2025-04-05,STR-BLR-01,SKU-1005,Greek Yogurt Pack,Dairy,95.0,82,7790.0,0
2025-04-06,STR-BLR-01,SKU-1005,Greek Yogurt Pack,Dairy,95.0,116,11020.0,1
2025-04-07,STR-BLR-01,SKU-1005,Greek Yogurt Pack,Dairy,95.0,77,7315.0,0
2025-04-08,STR-BLR-01,SKU-1005,Greek Yogurt Pack,Dairy,95.0,67,6365.0,0
2025-04-09,STR-BLR-01,SKU-1005,Greek Yogurt Pack,Dairy,95.0,72,6840.0,0
2025-04-10,STR-BLR-01,SKU-1005,Greek Yogurt Pack,Dairy,95.0,77,7315.0,0
2025-04-11,STR-BLR-01,SKU-1005,Greek Yogurt Pack,Dairy,95.0,76,7220.0,0
2025-04-12,STR-BLR-01,SKU-1005,Greek Yogurt Pack,Dairy,95.0,74,7030.0,0
2025-04-13,STR-BLR-01,SKU-1005,Greek Yogurt Pack,Dairy,95.0,76,7220.0,0
2025-04-14,STR-BLR-01,SKU-1005,Greek Yogurt Pack,Dairy,95.0,64,6080.0,0
2025-04-15,STR-BLR-01,SKU-1005,Greek Yogurt Pack,Dairy,95.0,56,5320.0,0
2025-04-16,STR-BLR-01,SKU-1005,Greek Yogurt Pack,Dairy,95.0,62,5890.0,0
2025-04-17,STR-BLR-01,SKU-1005,Greek Yogurt Pack,Dairy,95.0,59,5605.0,0
2025-04-18,STR-BLR-01,SKU-1005,Greek Yogurt Pack,Dairy,95.0,56,5320.0,0
2025-04-19,STR-BLR-01,SKU-1005,Greek Yogurt Pack,Dairy,95.0,64,6080.0,0
2025-04-20,STR-BLR-01,SKU-1005,Greek Yogurt Pack,Dairy,95.0,58,5510.0,0
2025-04-21,STR-BLR-01,SKU-1005,Greek Yogurt Pack,Dairy,95.0,56,5320.0,0
2025-04-22,STR-BLR-01,SKU-1005,Greek Yogurt Pack,Dairy,95.0,56,5320.0,0
2025-04-23,STR-BLR-01,SKU-1005,Greek Yogurt Pack,Dairy,95.0,63,5985.0,0
2025-04-24,STR-BLR-01,SKU-1005,Greek Yogurt Pack,Dairy,95.0,52,4940.0,0
2025-04-25,STR-BLR-01,SKU-1005,Greek Yogurt Pack,Dairy,95.0,58,5510.0,0
2025-04-26,STR-BLR-01,SKU-1005,Greek Yogurt Pack,Dairy,95.0,59,5605.0,0
2025-04-27,STR-BLR-01,SKU-1005,Greek Yogurt Pack,Dairy,95.0,61,5795.0,0
2025-04-28,STR-BLR-01,SKU-1005,Greek Yogurt Pack,Dairy,95.0,56,5320.0,0
2025-04-29,STR-BLR-01,SKU-1005,Greek Yogurt Pack,Dairy,95.0,59,5605.0,0
2025-04-30,STR-BLR-01,SKU-1005,Greek Yogurt Pack,Dairy,95.0,59,5605.0,0
2025-05-01,STR-BLR-01,SKU-1005,Greek Yogurt Pack,Dairy,95.0,67,6365.0,0
2025-05-02,STR-BLR-01,SKU-1005,Greek Yogurt Pack,Dairy,95.0,82,7790.0,1
2025-05-03,STR-BLR-01,SKU-1005,Greek Yogurt Pack,Dairy,95.0,63,5985.0,0
2025-05-04,STR-BLR-01,SKU-1005,Greek Yogurt Pack,Dairy,95.0,70,6650.0,0
2025-05-05,STR-BLR-01,SKU-1005,Greek Yogurt Pack,Dairy,95.0,66,6270.0,0
2025-05-06,STR-BLR-01,SKU-1005,Greek Yogurt Pack,Dairy,95.0,91,8645.0,1
2025-05-07,STR-BLR-01,SKU-1005,Greek Yogurt Pack,Dairy,95.0,71,6745.0,0
2025-05-08,STR-BLR-01,SKU-1005,Greek Yogurt Pack,Dairy,95.0,69,6555.0,0
2025-05-09,STR-BLR-01,SKU-1005,Greek Yogurt Pack,Dairy,95.0,71,6745.0,0
2025-05-10,STR-BLR-01,SKU-1005,Greek Yogurt Pack,Dairy,95.0,74,7030.0,0
2025-05-11,STR-BLR-01,SKU-1005,Greek Yogurt Pack,Dairy,95.0,79,7505.0,0
2025-05-12,STR-BLR-01,SKU-1005,Greek Yogurt Pack,Dairy,95.0,83,7885.0,0
2025-05-13,STR-BLR-01,SKU-1005,Greek Yogurt Pack,Dairy,95.0,69,6555.0,0
2025-05-14,STR-BLR-01,SKU-1005,Greek Yogurt Pack,Dairy,95.0,64,6080.0,0
2025-05-15,STR-BLR-01,SKU-1005,Greek Yogurt Pack,Dairy,95.0,52,4940.0,0
2025-05-16,STR-BLR-01,SKU-1005,Greek Yogurt Pack,Dairy,95.0,72,6840.0,0
2025-05-17,STR-BLR-01,SKU-1005,Greek Yogurt Pack,Dairy,95.0,67,6365.0,0
2025-05-18,STR-BLR-01,SKU-1005,Greek Yogurt Pack,Dairy,95.0,62,5890.0,0
2025-05-19,STR-BLR-01,SKU-1005,Greek Yogurt Pack,Dairy,95.0,46,4370.0,0
2025-05-20,STR-BLR-01,SKU-1005,Greek Yogurt Pack,Dairy,95.0,55,5225.0,0
2025-05-21,STR-BLR-01,SKU-1005,Greek Yogurt Pack,Dairy,95.0,55,5225.0,0
2025-05-22,STR-BLR-01,SKU-1005,Greek Yogurt Pack,Dairy,95.0,51,4845.0,0
2025-05-23,STR-BLR-01,SKU-1005,Greek Yogurt Pack,Dairy,95.0,47,4465.0,0
2025-05-24,STR-BLR-01,SKU-1005,Greek Yogurt Pack,Dairy,95.0,51,4845.0,0
2025-05-25,STR-BLR-01,SKU-1005,Greek Yogurt Pack,Dairy,95.0,67,6365.0,0
2025-05-26,STR-BLR-01,SKU-1005,Greek Yogurt Pack,Dairy,95.0,54,5130.0,0
2025-05-27,STR-BLR-01,SKU-1005,Greek Yogurt Pack,Dairy,95.0,53,5035.0,0
2025-05-28,STR-BLR-01,SKU-1005,Greek Yogurt Pack,Dairy,95.0,57,5415.0,0
2025-05-29,STR-BLR-01,SKU-1005,Greek Yogurt Pack,Dairy,95.0,58,5510.0,0
2025-05-30,STR-BLR-01,SKU-1005,Greek Yogurt Pack,Dairy,95.0,53,5035.0,0
2025-05-31,STR-BLR-01,SKU-1005,Greek Yogurt Pack,Dairy,95.0,72,6840.0,0
2025-06-01,STR-BLR-01,SKU-1005,Greek Yogurt Pack,Dairy,95.0,69,6555.0,0
2025-06-02,STR-BLR-01,SKU-1005,Greek Yogurt Pack,Dairy,95.0,67,6365.0,0
2025-06-03,STR-BLR-01,SKU-1005,Greek Yogurt Pack,Dairy,95.0,76,7220.0,0
2025-06-04,STR-BLR-01,SKU-1005,Greek Yogurt Pack,Dairy,95.0,62,5890.0,0
2025-06-05,STR-BLR-01,SKU-1005,Greek Yogurt Pack,Dairy,95.0,66,6270.0,0
2025-06-06,STR-BLR-01,SKU-1005,Greek Yogurt Pack,Dairy,95.0,73,6935.0,0
2025-06-07,STR-BLR-01,SKU-1005,Greek Yogurt Pack,Dairy,95.0,83,7885.0,0
2025-06-08,STR-BLR-01,SKU-1005,Greek Yogurt Pack,Dairy,95.0,74,7030.0,0
2025-06-09,STR-BLR-01,SKU-1005,Greek Yogurt Pack,Dairy,95.0,68,6460.0,0
2025-06-10,STR-BLR-01,SKU-1005,Greek Yogurt Pack,Dairy,95.0,74,7030.0,0
2025-06-11,STR-BLR-01,SKU-1005,Greek Yogurt Pack,Dairy,95.0,82,7790.0,0
2025-06-12,STR-BLR-01,SKU-1005,Greek Yogurt Pack,Dairy,95.0,68,6460.0,0
2025-06-13,STR-BLR-01,SKU-1005,Greek Yogurt Pack,Dairy,95.0,62,5890.0,0
2025-06-14,STR-BLR-01,SKU-1005,Greek Yogurt Pack,Dairy,95.0,64,6080.0,0
2025-06-15,STR-BLR-01,SKU-1005,Greek Yogurt Pack,Dairy,95.0,67,6365.0,0
2025-06-16,STR-BLR-01,SKU-1005,Greek Yogurt Pack,Dairy,95.0,64,6080.0,0
2025-06-17,STR-BLR-01,SKU-1005,Greek Yogurt Pack,Dairy,95.0,72,6840.0,0
2025-06-18,STR-BLR-01,SKU-1005,Greek Yogurt Pack,Dairy,95.0,55,5225.0,0
2025-06-19,STR-BLR-01,SKU-1005,Greek Yogurt Pack,Dairy,95.0,56,5320.0,0
2025-06-20,STR-BLR-01,SKU-1005,Greek Yogurt Pack,Dairy,95.0,62,5890.0,0
2025-06-21,STR-BLR-01,SKU-1005,Greek Yogurt Pack,Dairy,95.0,59,5605.0,0
2025-06-22,STR-BLR-01,SKU-1005,Greek Yogurt Pack,Dairy,95.0,58,5510.0,0
2025-06-23,STR-BLR-01,SKU-1005,Greek Yogurt Pack,Dairy,95.0,59,5605.0,0
2025-06-24,STR-BLR-01,SKU-1005,Greek Yogurt Pack,Dairy,95.0,54,5130.0,0
2025-06-25,STR-BLR-01,SKU-1005,Greek Yogurt Pack,Dairy,95.0,50,4750.0,0
2025-06-26,STR-BLR-01,SKU-1005,Greek Yogurt Pack,Dairy,95.0,61,5795.0,0
2025-06-27,STR-BLR-01,SKU-1005,Greek Yogurt Pack,Dairy,95.0,49,4655.0,0
2025-06-28,STR-BLR-01,SKU-1005,Greek Yogurt Pack,Dairy,95.0,69,6555.0,0
2025-06-29,STR-BLR-01,SKU-1005,Greek Yogurt Pack,Dairy,95.0,65,6175.0,0
2025-01-01,STR-BLR-01,SKU-1006,Sparkling Water 12pk,Beverages,280.0,54,15120.0,0
2025-01-02,STR-BLR-01,SKU-1006,Sparkling Water 12pk,Beverages,280.0,55,15400.0,0
2025-01-03,STR-BLR-01,SKU-1006,Sparkling Water 12pk,Beverages,280.0,60,16800.0,0
2025-01-04,STR-BLR-01,SKU-1006,Sparkling Water 12pk,Beverages,280.0,67,18760.0,0
2025-01-05,STR-BLR-01,SKU-1006,Sparkling Water 12pk,Beverages,280.0,71,19880.0,0
2025-01-06,STR-BLR-01,SKU-1006,Sparkling Water 12pk,Beverages,280.0,67,18760.0,0
2025-01-07,STR-BLR-01,SKU-1006,Sparkling Water 12pk,Beverages,280.0,66,18480.0,0
2025-01-08,STR-BLR-01,SKU-1006,Sparkling Water 12pk,Beverages,280.0,56,15680.0,0
2025-01-09,STR-BLR-01,SKU-1006,Sparkling Water 12pk,Beverages,280.0,68,19040.0,0
2025-01-10,STR-BLR-01,SKU-1006,Sparkling Water 12pk,Beverages,280.0,67,18760.0,0
2025-01-11,STR-BLR-01,SKU-1006,Sparkling Water 12pk,Beverages,280.0,75,21000.0,0
2025-01-12,STR-BLR-01,SKU-1006,Sparkling Water 12pk,Beverages,280.0,73,20440.0,0
2025-01-13,STR-BLR-01,SKU-1006,Sparkling Water 12pk,Beverages,280.0,51,14280.0,0
2025-01-14,STR-BLR-01,SKU-1006,Sparkling Water 12pk,Beverages,280.0,66,18480.0,0
2025-01-15,STR-BLR-01,SKU-1006,Sparkling Water 12pk,Beverages,280.0,54,15120.0,0
2025-01-16,STR-BLR-01,SKU-1006,Sparkling Water 12pk,Beverages,280.0,59,16520.0,0
2025-01-17,STR-BLR-01,SKU-1006,Sparkling Water 12pk,Beverages,280.0,50,14000.0,0
2025-01-18,STR-BLR-01,SKU-1006,Sparkling Water 12pk,Beverages,280.0,60,16800.0,0
2025-01-19,STR-BLR-01,SKU-1006,Sparkling Water 12pk,Beverages,280.0,50,14000.0,0
2025-01-20,STR-BLR-01,SKU-1006,Sparkling Water 12pk,Beverages,280.0,50,14000.0,0
2025-01-21,STR-BLR-01,SKU-1006,Sparkling Water 12pk,Beverages,280.0,47,13160.0,0
2025-01-22,STR-BLR-01,SKU-1006,Sparkling Water 12pk,Beverages,280.0,51,14280.0,0
2025-01-23,STR-BLR-01,SKU-1006,Sparkling Water 12pk,Beverages,280.0,43,12040.0,0
2025-01-24,STR-BLR-01,SKU-1006,Sparkling Water 12pk,Beverages,280.0,48,13440.0,0
2025-01-25,STR-BLR-01,SKU-1006,Sparkling Water 12pk,Beverages,280.0,45,12600.0,0
2025-01-26,STR-BLR-01,SKU-1006,Sparkling Water 12pk,Beverages,280.0,51,14280.0,0
2025-01-27,STR-BLR-01,SKU-1006,Sparkling Water 12pk,Beverages,280.0,46,12880.0,0
2025-01-28,STR-BLR-01,SKU-1006,Sparkling Water 12pk,Beverages,280.0,47,13160.0,0
2025-01-29,STR-BLR-01,SKU-1006,Sparkling Water 12pk,Beverages,280.0,68,19040.0,1
2025-01-30,STR-BLR-01,SKU-1006,Sparkling Water 12pk,Beverages,280.0,55,15400.0,0
2025-01-31,STR-BLR-01,SKU-1006,Sparkling Water 12pk,Beverages,280.0,55,15400.0,0
2025-02-01,STR-BLR-01,SKU-1006,Sparkling Water 12pk,Beverages,280.0,66,18480.0,0
2025-02-02,STR-BLR-01,SKU-1006,Sparkling Water 12pk,Beverages,280.0,69,19320.0,0
2025-02-03,STR-BLR-01,SKU-1006,Sparkling Water 12pk,Beverages,280.0,69,19320.0,0
2025-02-04,STR-BLR-01,SKU-1006,Sparkling Water 12pk,Beverages,280.0,88,24640.0,1
2025-02-05,STR-BLR-01,SKU-1006,Sparkling Water 12pk,Beverages,280.0,63,17640.0,0
2025-02-06,STR-BLR-01,SKU-1006,Sparkling Water 12pk,Beverages,280.0,64,17920.0,0
2025-02-07,STR-BLR-01,SKU-1006,Sparkling Water 12pk,Beverages,280.0,71,19880.0,0
2025-02-08,STR-BLR-01,SKU-1006,Sparkling Water 12pk,Beverages,280.0,69,19320.0,0
2025-02-09,STR-BLR-01,SKU-1006,Sparkling Water 12pk,Beverages,280.0,66,18480.0,0
2025-02-10,STR-BLR-01,SKU-1006,Sparkling Water 12pk,Beverages,280.0,68,19040.0,0
2025-02-11,STR-BLR-01,SKU-1006,Sparkling Water 12pk,Beverages,280.0,71,19880.0,0
2025-02-12,STR-BLR-01,SKU-1006,Sparkling Water 12pk,Beverages,280.0,65,18200.0,0
2025-02-13,STR-BLR-01,SKU-1006,Sparkling Water 12pk,Beverages,280.0,78,21840.0,1
2025-02-14,STR-BLR-01,SKU-1006,Sparkling Water 12pk,Beverages,280.0,48,13440.0,0
2025-02-15,STR-BLR-01,SKU-1006,Sparkling Water 12pk,Beverages,280.0,56,15680.0,0
2025-02-16,STR-BLR-01,SKU-1006,Sparkling Water 12pk,Beverages,280.0,51,14280.0,0
2025-02-17,STR-BLR-01,SKU-1006,Sparkling Water 12pk,Beverages,280.0,55,15400.0,0
2025-02-18,STR-BLR-01,SKU-1006,Sparkling Water 12pk,Beverages,280.0,45,12600.0,0
2025-02-19,STR-BLR-01,SKU-1006,Sparkling Water 12pk,Beverages,280.0,47,13160.0,0
2025-02-20,STR-BLR-01,SKU-1006,Sparkling Water 12pk,Beverages,280.0,41,11480.0,0
2025-02-21,STR-BLR-01,SKU-1006,Sparkling Water 12pk,Beverages,280.0,44,12320.0,0
2025-02-22,STR-BLR-01,SKU-1006,Sparkling Water 12pk,Beverages,280.0,47,13160.0,0
2025-02-23,STR-BLR-01,SKU-1006,Sparkling Water 12pk,Beverages,280.0,70,19600.0,1
2025-02-24,STR-BLR-01,SKU-1006,Sparkling Water 12pk,Beverages,280.0,48,13440.0,0
2025-02-25,STR-BLR-01,SKU-1006,Sparkling Water 12pk,Beverages,280.0,46,12880.0,0
2025-02-26,STR-BLR-01,SKU-1006,Sparkling Water 12pk,Beverages,280.0,46,12880.0,0
2025-02-27,STR-BLR-01,SKU-1006,Sparkling Water 12pk,Beverages,280.0,46,12880.0,0
2025-02-28,STR-BLR-01,SKU-1006,Sparkling Water 12pk,Beverages,280.0,53,14840.0,0
2025-03-01,STR-BLR-01,SKU-1006,Sparkling Water 12pk,Beverages,280.0,64,17920.0,0
2025-03-02,STR-BLR-01,SKU-1006,Sparkling Water 12pk,Beverages,280.0,58,16240.0,0
2025-03-03,STR-BLR-01,SKU-1006,Sparkling Water 12pk,Beverages,280.0,56,15680.0,0
2025-03-04,STR-BLR-01,SKU-1006,Sparkling Water 12pk,Beverages,280.0,54,15120.0,0
2025-03-05,STR-BLR-01,SKU-1006,Sparkling Water 12pk,Beverages,280.0,52,14560.0,0
2025-03-06,STR-BLR-01,SKU-1006,Sparkling Water 12pk,Beverages,280.0,63,17640.0,0
2025-03-07,STR-BLR-01,SKU-1006,Sparkling Water 12pk,Beverages,280.0,61,17080.0,0
2025-03-08,STR-BLR-01,SKU-1006,Sparkling Water 12pk,Beverages,280.0,77,21560.0,0
2025-03-09,STR-BLR-01,SKU-1006,Sparkling Water 12pk,Beverages,280.0,63,17640.0,0
2025-03-10,STR-BLR-01,SKU-1006,Sparkling Water 12pk,Beverages,280.0,61,17080.0,0
2025-03-11,STR-BLR-01,SKU-1006,Sparkling Water 12pk,Beverages,280.0,58,16240.0,0
2025-03-12,STR-BLR-01,SKU-1006,Sparkling Water 12pk,Beverages,280.0,64,17920.0,0
2025-03-13,STR-BLR-01,SKU-1006,Sparkling Water 12pk,Beverages,280.0,60,16800.0,0
2025-03-14,STR-BLR-01,SKU-1006,Sparkling Water 12pk,Beverages,280.0,55,15400.0,0
2025-03-15,STR-BLR-01,SKU-1006,Sparkling Water 12pk,Beverages,280.0,59,16520.0,0
2025-03-16,STR-BLR-01,SKU-1006,Sparkling Water 12pk,Beverages,280.0,61,17080.0,0
2025-03-17,STR-BLR-01,SKU-1006,Sparkling Water 12pk,Beverages,280.0,52,14560.0,0
2025-03-18,STR-BLR-01,SKU-1006,Sparkling Water 12pk,Beverages,280.0,49,13720.0,0
2025-03-19,STR-BLR-01,SKU-1006,Sparkling Water 12pk,Beverages,280.0,51,14280.0,0
2025-03-20,STR-BLR-01,SKU-1006,Sparkling Water 12pk,Beverages,280.0,42,11760.0,0
2025-03-21,STR-BLR-01,SKU-1006,Sparkling Water 12pk,Beverages,280.0,48,13440.0,0
2025-03-22,STR-BLR-01,SKU-1006,Sparkling Water 12pk,Beverages,280.0,55,15400.0,0
2025-03-23,STR-BLR-01,SKU-1006,Sparkling Water 12pk,Beverages,280.0,49,13720.0,0
2025-03-24,STR-BLR-01,SKU-1006,Sparkling Water 12pk,Beverages,280.0,45,12600.0,0
2025-03-25,STR-BLR-01,SKU-1006,Sparkling Water 12pk,Beverages,280.0,44,12320.0,0
2025-03-26,STR-BLR-01,SKU-1006,Sparkling Water 12pk,Beverages,280.0,58,16240.0,1
2025-03-27,STR-BLR-01,SKU-1006,Sparkling Water 12pk,Beverages,280.0,47,13160.0,0
2025-03-28,STR-BLR-01,SKU-1006,Sparkling Water 12pk,Beverages,280.0,46,12880.0,0
2025-03-29,STR-BLR-01,SKU-1006,Sparkling Water 12pk,Beverages,280.0,53,14840.0,0
2025-03-30,STR-BLR-01,SKU-1006,Sparkling Water 12pk,Beverages,280.0,57,15960.0,0
2025-03-31,STR-BLR-01,SKU-1006,Sparkling Water 12pk,Beverages,280.0,47,13160.0,0
2025-04-01,STR-BLR-01,SKU-1006,Sparkling Water 12pk,Beverages,280.0,63,17640.0,1
2025-04-02,STR-BLR-01,SKU-1006,Sparkling Water 12pk,Beverages,280.0,65,18200.0,0
2025-04-03,STR-BLR-01,SKU-1006,Sparkling Water 12pk,Beverages,280.0,60,16800.0,0
2025-04-04,STR-BLR-01,SKU-1006,Sparkling Water 12pk,Beverages,280.0,61,17080.0,0
2025-04-05,STR-BLR-01,SKU-1006,Sparkling Water 12pk,Beverages,280.0,88,24640.0,1
2025-04-06,STR-BLR-01,SKU-1006,Sparkling Water 12pk,Beverages,280.0,72,20160.0,0
2025-04-07,STR-BLR-01,SKU-1006,Sparkling Water 12pk,Beverages,280.0,61,17080.0,0
2025-04-08,STR-BLR-01,SKU-1006,Sparkling Water 12pk,Beverages,280.0,68,19040.0,0
2025-04-09,STR-BLR-01,SKU-1006,Sparkling Water 12pk,Beverages,280.0,67,18760.0,0
2025-04-10,STR-BLR-01,SKU-1006,Sparkling Water 12pk,Beverages,280.0,66,18480.0,0
2025-04-11,STR-BLR-01,SKU-1006,Sparkling Water 12pk,Beverages,280.0,66,18480.0,0
2025-04-12,STR-BLR-01,SKU-1006,Sparkling Water 12pk,Beverages,280.0,66,18480.0,0
2025-04-13,STR-BLR-01,SKU-1006,Sparkling Water 12pk,Beverages,280.0,65,18200.0,0
2025-04-14,STR-BLR-01,SKU-1006,Sparkling Water 12pk,Beverages,280.0,61,17080.0,0
2025-04-15,STR-BLR-01,SKU-1006,Sparkling Water 12pk,Beverages,280.0,51,14280.0,0
2025-04-16,STR-BLR-01,SKU-1006,Sparkling Water 12pk,Beverages,280.0,55,15400.0,0
2025-04-17,STR-BLR-01,SKU-1006,Sparkling Water 12pk,Beverages,280.0,58,16240.0,0
2025-04-18,STR-BLR-01,SKU-1006,Sparkling Water 12pk,Beverages,280.0,46,12880.0,0
2025-04-19,STR-BLR-01,SKU-1006,Sparkling Water 12pk,Beverages,280.0,57,15960.0,0
2025-04-20,STR-BLR-01,SKU-1006,Sparkling Water 12pk,Beverages,280.0,53,14840.0,0
2025-04-21,STR-BLR-01,SKU-1006,Sparkling Water 12pk,Beverages,280.0,44,12320.0,0
2025-04-22,STR-BLR-01,SKU-1006,Sparkling Water 12pk,Beverages,280.0,47,13160.0,0
2025-04-23,STR-BLR-01,SKU-1006,Sparkling Water 12pk,Beverages,280.0,42,11760.0,0
2025-04-24,STR-BLR-01,SKU-1006,Sparkling Water 12pk,Beverages,280.0,44,12320.0,0
2025-04-25,STR-BLR-01,SKU-1006,Sparkling Water 12pk,Beverages,280.0,40,11200.0,0
2025-04-26,STR-BLR-01,SKU-1006,Sparkling Water 12pk,Beverages,280.0,40,11200.0,0
2025-04-27,STR-BLR-01,SKU-1006,Sparkling Water 12pk,Beverages,280.0,50,14000.0,0
2025-04-28,STR-BLR-01,SKU-1006,Sparkling Water 12pk,Beverages,280.0,47,13160.0,0
2025-04-29,STR-BLR-01,SKU-1006,Sparkling Water 12pk,Beverages,280.0,49,13720.0,0
2025-04-30,STR-BLR-01,SKU-1006,Sparkling Water 12pk,Beverages,280.0,56,15680.0,0
2025-05-01,STR-BLR-01,SKU-1006,Sparkling Water 12pk,Beverages,280.0,59,16520.0,0
2025-05-02,STR-BLR-01,SKU-1006,Sparkling Water 12pk,Beverages,280.0,59,16520.0,0
2025-05-03,STR-BLR-01,SKU-1006,Sparkling Water 12pk,Beverages,280.0,69,19320.0,0
2025-05-04,STR-BLR-01,SKU-1006,Sparkling Water 12pk,Beverages,280.0,63,17640.0,0
2025-05-05,STR-BLR-01,SKU-1006,Sparkling Water 12pk,Beverages,280.0,58,16240.0,0
2025-05-06,STR-BLR-01,SKU-1006,Sparkling Water 12pk,Beverages,280.0,67,18760.0,0
2025-05-07,STR-BLR-01,SKU-1006,Sparkling Water 12pk,Beverages,280.0,80,22400.0,1
2025-05-08,STR-BLR-01,SKU-1006,Sparkling Water 12pk,Beverages,280.0,59,16520.0,0
2025-05-09,STR-BLR-01,SKU-1006,Sparkling Water 12pk,Beverages,280.0,80,22400.0,0
2025-05-10,STR-BLR-01,SKU-1006,Sparkling Water 12pk,Beverages,280.0,72,20160.0,0
2025-05-11,STR-BLR-01,SKU-1006,Sparkling Water 12pk,Beverages,280.0,68,19040.0,0
2025-05-12,STR-BLR-01,SKU-1006,Sparkling Water 12pk,Beverages,280.0,60,16800.0,0
2025-05-13,STR-BLR-01,SKU-1006,Sparkling Water 12pk,Beverages,280.0,54,15120.0,0
2025-05-14,STR-BLR-01,SKU-1006,Sparkling Water 12pk,Beverages,280.0,60,16800.0,0
2025-05-15,STR-BLR-01,SKU-1006,Sparkling Water 12pk,Beverages,280.0,56,15680.0,0
2025-05-16,STR-BLR-01,SKU-1006,Sparkling Water 12pk,Beverages,280.0,80,22400.0,1
2025-05-17,STR-BLR-01,SKU-1006,Sparkling Water 12pk,Beverages,280.0,61,17080.0,0
2025-05-18,STR-BLR-01,SKU-1006,Sparkling Water 12pk,Beverages,280.0,54,15120.0,0
2025-05-19,STR-BLR-01,SKU-1006,Sparkling Water 12pk,Beverages,280.0,41,11480.0,0
2025-05-20,STR-BLR-01,SKU-1006,Sparkling Water 12pk,Beverages,280.0,47,13160.0,0
2025-05-21,STR-BLR-01,SKU-1006,Sparkling Water 12pk,Beverages,280.0,46,12880.0,0
2025-05-22,STR-BLR-01,SKU-1006,Sparkling Water 12pk,Beverages,280.0,37,10360.0,0
2025-05-23,STR-BLR-01,SKU-1006,Sparkling Water 12pk,Beverages,280.0,62,17360.0,1
2025-05-24,STR-BLR-01,SKU-1006,Sparkling Water 12pk,Beverages,280.0,45,12600.0,0
2025-05-25,STR-BLR-01,SKU-1006,Sparkling Water 12pk,Beverages,280.0,54,15120.0,0
2025-05-26,STR-BLR-01,SKU-1006,Sparkling Water 12pk,Beverages,280.0,46,12880.0,0
2025-05-27,STR-BLR-01,SKU-1006,Sparkling Water 12pk,Beverages,280.0,45,12600.0,0
2025-05-28,STR-BLR-01,SKU-1006,Sparkling Water 12pk,Beverages,280.0,50,14000.0,0
2025-05-29,STR-BLR-01,SKU-1006,Sparkling Water 12pk,Beverages,280.0,51,14280.0,0
2025-05-30,STR-BLR-01,SKU-1006,Sparkling Water 12pk,Beverages,280.0,53,14840.0,0
2025-05-31,STR-BLR-01,SKU-1006,Sparkling Water 12pk,Beverages,280.0,65,18200.0,0
2025-06-01,STR-BLR-01,SKU-1006,Sparkling Water 12pk,Beverages,280.0,54,15120.0,0
2025-06-02,STR-BLR-01,SKU-1006,Sparkling Water 12pk,Beverages,280.0,60,16800.0,0
2025-06-03,STR-BLR-01,SKU-1006,Sparkling Water 12pk,Beverages,280.0,78,21840.0,1
2025-06-04,STR-BLR-01,SKU-1006,Sparkling Water 12pk,Beverages,280.0,61,17080.0,0
2025-06-05,STR-BLR-01,SKU-1006,Sparkling Water 12pk,Beverages,280.0,71,19880.0,0
2025-06-06,STR-BLR-01,SKU-1006,Sparkling Water 12pk,Beverages,280.0,61,17080.0,0
2025-06-07,STR-BLR-01,SKU-1006,Sparkling Water 12pk,Beverages,280.0,100,28000.0,1
2025-06-08,STR-BLR-01,SKU-1006,Sparkling Water 12pk,Beverages,280.0,77,21560.0,0
2025-06-09,STR-BLR-01,SKU-1006,Sparkling Water 12pk,Beverages,280.0,67,18760.0,0
2025-06-10,STR-BLR-01,SKU-1006,Sparkling Water 12pk,Beverages,280.0,64,17920.0,0
2025-06-11,STR-BLR-01,SKU-1006,Sparkling Water 12pk,Beverages,280.0,64,17920.0,0
2025-06-12,STR-BLR-01,SKU-1006,Sparkling Water 12pk,Beverages,280.0,64,17920.0,0
2025-06-13,STR-BLR-01,SKU-1006,Sparkling Water 12pk,Beverages,280.0,55,15400.0,0
2025-06-14,STR-BLR-01,SKU-1006,Sparkling Water 12pk,Beverages,280.0,63,17640.0,0
2025-06-15,STR-BLR-01,SKU-1006,Sparkling Water 12pk,Beverages,280.0,71,19880.0,0
2025-06-16,STR-BLR-01,SKU-1006,Sparkling Water 12pk,Beverages,280.0,54,15120.0,0
2025-06-17,STR-BLR-01,SKU-1006,Sparkling Water 12pk,Beverages,280.0,51,14280.0,0
2025-06-18,STR-BLR-01,SKU-1006,Sparkling Water 12pk,Beverages,280.0,47,13160.0,0
2025-06-19,STR-BLR-01,SKU-1006,Sparkling Water 12pk,Beverages,280.0,44,12320.0,0
2025-06-20,STR-BLR-01,SKU-1006,Sparkling Water 12pk,Beverages,280.0,47,13160.0,0
2025-06-21,STR-BLR-01,SKU-1006,Sparkling Water 12pk,Beverages,280.0,51,14280.0,0
2025-06-22,STR-BLR-01,SKU-1006,Sparkling Water 12pk,Beverages,280.0,49,13720.0,0
2025-06-23,STR-BLR-01,SKU-1006,Sparkling Water 12pk,Beverages,280.0,54,15120.0,0
2025-06-24,STR-BLR-01,SKU-1006,Sparkling Water 12pk,Beverages,280.0,57,15960.0,1
2025-06-25,STR-BLR-01,SKU-1006,Sparkling Water 12pk,Beverages,280.0,42,11760.0,0
2025-06-26,STR-BLR-01,SKU-1006,Sparkling Water 12pk,Beverages,280.0,46,12880.0,0
2025-06-27,STR-BLR-01,SKU-1006,Sparkling Water 12pk,Beverages,280.0,48,13440.0,0
2025-06-28,STR-BLR-01,SKU-1006,Sparkling Water 12pk,Beverages,280.0,52,14560.0,0
2025-06-29,STR-BLR-01,SKU-1006,Sparkling Water 12pk,Beverages,280.0,59,16520.0,0
2025-01-01,STR-BLR-01,SKU-1007,Dark Chocolate Bar,Snacks,120.0,38,4560.0,0
2025-01-02,STR-BLR-01,SKU-1007,Dark Chocolate Bar,Snacks,120.0,46,5520.0,0
2025-01-03,STR-BLR-01,SKU-1007,Dark Chocolate Bar,Snacks,120.0,45,5400.0,0
2025-01-04,STR-BLR-01,SKU-1007,Dark Chocolate Bar,Snacks,120.0,59,7080.0,0
2025-01-05,STR-BLR-01,SKU-1007,Dark Chocolate Bar,Snacks,120.0,46,5520.0,0
2025-01-06,STR-BLR-01,SKU-1007,Dark Chocolate Bar,Snacks,120.0,42,5040.0,0
2025-01-07,STR-BLR-01,SKU-1007,Dark Chocolate Bar,Snacks,120.0,45,5400.0,0
2025-01-08,STR-BLR-01,SKU-1007,Dark Chocolate Bar,Snacks,120.0,48,5760.0,0
2025-01-09,STR-BLR-01,SKU-1007,Dark Chocolate Bar,Snacks,120.0,65,7800.0,1
2025-01-10,STR-BLR-01,SKU-1007,Dark Chocolate Bar,Snacks,120.0,48,5760.0,0
2025-01-11,STR-BLR-01,SKU-1007,Dark Chocolate Bar,Snacks,120.0,59,7080.0,0
2025-01-12,STR-BLR-01,SKU-1007,Dark Chocolate Bar,Snacks,120.0,42,5040.0,0
2025-01-13,STR-BLR-01,SKU-1007,Dark Chocolate Bar,Snacks,120.0,38,4560.0,0
2025-01-14,STR-BLR-01,SKU-1007,Dark Chocolate Bar,Snacks,120.0,42,5040.0,0
2025-01-15,STR-BLR-01,SKU-1007,Dark Chocolate Bar,Snacks,120.0,48,5760.0,0
2025-01-16,STR-BLR-01,SKU-1007,Dark Chocolate Bar,Snacks,120.0,57,6840.0,1
2025-01-17,STR-BLR-01,SKU-1007,Dark Chocolate Bar,Snacks,120.0,35,4200.0,0
2025-01-18,STR-BLR-01,SKU-1007,Dark Chocolate Bar,Snacks,120.0,42,5040.0,0
2025-01-19,STR-BLR-01,SKU-1007,Dark Chocolate Bar,Snacks,120.0,39,4680.0,0
2025-01-20,STR-BLR-01,SKU-1007,Dark Chocolate Bar,Snacks,120.0,34,4080.0,0
2025-01-21,STR-BLR-01,SKU-1007,Dark Chocolate Bar,Snacks,120.0,33,3960.0,0
2025-01-22,STR-BLR-01,SKU-1007,Dark Chocolate Bar,Snacks,120.0,34,4080.0,0
2025-01-23,STR-BLR-01,SKU-1007,Dark Chocolate Bar,Snacks,120.0,36,4320.0,0
2025-01-24,STR-BLR-01,SKU-1007,Dark Chocolate Bar,Snacks,120.0,32,3840.0,0
2025-01-25,STR-BLR-01,SKU-1007,Dark Chocolate Bar,Snacks,120.0,39,4680.0,0
2025-01-26,STR-BLR-01,SKU-1007,Dark Chocolate Bar,Snacks,120.0,40,4800.0,0
2025-01-27,STR-BLR-01,SKU-1007,Dark Chocolate Bar,Snacks,120.0,39,4680.0,0
2025-01-28,STR-BLR-01,SKU-1007,Dark Chocolate Bar,Snacks,120.0,34,4080.0,0
2025-01-29,STR-BLR-01,SKU-1007,Dark Chocolate Bar,Snacks,120.0,37,4440.0,0
2025-01-30,STR-BLR-01,SKU-1007,Dark Chocolate Bar,Snacks,120.0,37,4440.0,0
2025-01-31,STR-BLR-01,SKU-1007,Dark Chocolate Bar,Snacks,120.0,40,4800.0,0
2025-02-01,STR-BLR-01,SKU-1007,Dark Chocolate Bar,Snacks,120.0,46,5520.0,0
2025-02-02,STR-BLR-01,SKU-1007,Dark Chocolate Bar,Snacks,120.0,58,6960.0,1
2025-02-03,STR-BLR-01,SKU-1007,Dark Chocolate Bar,Snacks,120.0,44,5280.0,0
2025-02-04,STR-BLR-01,SKU-1007,Dark Chocolate Bar,Snacks,120.0,53,6360.0,0
2025-02-05,STR-BLR-01,SKU-1007,Dark Chocolate Bar,Snacks,120.0,47,5640.0,0
2025-02-06,STR-BLR-01,SKU-1007,Dark Chocolate Bar,Snacks,120.0,41,4920.0,0
2025-02-07,STR-BLR-01,SKU-1007,Dark Chocolate Bar,Snacks,120.0,43,5160.0,0
2025-02-08,STR-BLR-01,SKU-1007,Dark Chocolate Bar,Snacks,120.0,51,6120.0,0
2025-02-09,STR-BLR-01,SKU-1007,Dark Chocolate Bar,Snacks,120.0,47,5640.0,0
2025-02-10,STR-BLR-01,SKU-1007,Dark Chocolate Bar,Snacks,120.0,50,6000.0,0
2025-02-11,STR-BLR-01,SKU-1007,Dark Chocolate Bar,Snacks,120.0,40,4800.0,0
2025-02-12,STR-BLR-01,SKU-1007,Dark Chocolate Bar,Snacks,120.0,62,7440.0,1
2025-02-13,STR-BLR-01,SKU-1007,Dark Chocolate Bar,Snacks,120.0,50,6000.0,1
2025-02-14,STR-BLR-01,SKU-1007,Dark Chocolate Bar,Snacks,120.0,41,4920.0,0
2025-02-15,STR-BLR-01,SKU-1007,Dark Chocolate Bar,Snacks,120.0,40,4800.0,0
2025-02-16,STR-BLR-01,SKU-1007,Dark Chocolate Bar,Snacks,120.0,45,5400.0,0
2025-02-17,STR-BLR-01,SKU-1007,Dark Chocolate Bar,Snacks,120.0,40,4800.0,0
2025-02-18,STR-BLR-01,SKU-1007,Dark Chocolate Bar,Snacks,120.0,37,4440.0,0
2025-02-19,STR-BLR-01,SKU-1007,Dark Chocolate Bar,Snacks,120.0,38,4560.0,0
2025-02-20,STR-BLR-01,SKU-1007,Dark Chocolate Bar,Snacks,120.0,28,3360.0,0
2025-02-21,STR-BLR-01,SKU-1007,Dark Chocolate Bar,Snacks,120.0,34,4080.0,0
2025-02-22,STR-BLR-01,SKU-1007,Dark Chocolate Bar,Snacks,120.0,38,4560.0,0
2025-02-23,STR-BLR-01,SKU-1007,Dark Chocolate Bar,Snacks,120.0,39,4680.0,0
2025-02-24,STR-BLR-01,SKU-1007,Dark Chocolate Bar,Snacks,120.0,29,3480.0,0
2025-02-25,STR-BLR-01,SKU-1007,Dark Chocolate Bar,Snacks,120.0,48,5760.0,1
2025-02-26,STR-BLR-01,SKU-1007,Dark Chocolate Bar,Snacks,120.0,37,4440.0,0
2025-02-27,STR-BLR-01,SKU-1007,Dark Chocolate Bar,Snacks,120.0,37,4440.0,0
2025-02-28,STR-BLR-01,SKU-1007,Dark Chocolate Bar,Snacks,120.0,34,4080.0,0
2025-03-01,STR-BLR-01,SKU-1007,Dark Chocolate Bar,Snacks,120.0,41,4920.0,0
2025-03-02,STR-BLR-01,SKU-1007,Dark Chocolate Bar,Snacks,120.0,49,5880.0,0
2025-03-03,STR-BLR-01,SKU-1007,Dark Chocolate Bar,Snacks,120.0,45,5400.0,0
2025-03-04,STR-BLR-01,SKU-1007,Dark Chocolate Bar,Snacks,120.0,44,5280.0,0
2025-03-05,STR-BLR-01,SKU-1007,Dark Chocolate Bar,Snacks,120.0,46,5520.0,0
2025-03-06,STR-BLR-01,SKU-1007,Dark Chocolate Bar,Snacks,120.0,66,7920.0,1
2025-03-07,STR-BLR-01,SKU-1007,Dark Chocolate Bar,Snacks,120.0,64,7680.0,1
2025-03-08,STR-BLR-01,SKU-1007,Dark Chocolate Bar,Snacks,120.0,56,6720.0,0
2025-03-09,STR-BLR-01,SKU-1007,Dark Chocolate Bar,Snacks,120.0,76,9120.0,1
2025-03-10,STR-BLR-01,SKU-1007,Dark Chocolate Bar,Snacks,120.0,56,6720.0,0
2025-03-11,STR-BLR-01,SKU-1007,Dark Chocolate Bar,Snacks,120.0,60,7200.0,1
2025-03-12,STR-BLR-01,SKU-1007,Dark Chocolate Bar,Snacks,120.0,44,5280.0,0
2025-03-13,STR-BLR-01,SKU-1007,Dark Chocolate Bar,Snacks,120.0,35,4200.0,0
2025-03-14,STR-BLR-01,SKU-1007,Dark Chocolate Bar,Snacks,120.0,45,5400.0,0
2025-03-15,STR-BLR-01,SKU-1007,Dark Chocolate Bar,Snacks,120.0,55,6600.0,0
2025-03-16,STR-BLR-01,SKU-1007,Dark Chocolate Bar,Snacks,120.0,51,6120.0,0
2025-03-17,STR-BLR-01,SKU-1007,Dark Chocolate Bar,Snacks,120.0,58,6960.0,1
2025-03-18,STR-BLR-01,SKU-1007,Dark Chocolate Bar,Snacks,120.0,43,5160.0,0
2025-03-19,STR-BLR-01,SKU-1007,Dark Chocolate Bar,Snacks,120.0,39,4680.0,0
2025-03-20,STR-BLR-01,SKU-1007,Dark Chocolate Bar,Snacks,120.0,35,4200.0,0
2025-03-21,STR-BLR-01,SKU-1007,Dark Chocolate Bar,Snacks,120.0,42,5040.0,0
2025-03-22,STR-BLR-01,SKU-1007,Dark Chocolate Bar,Snacks,120.0,39,4680.0,0
2025-03-23,STR-BLR-01,SKU-1007,Dark Chocolate Bar,Snacks,120.0,41,4920.0,0
2025-03-24,STR-BLR-01,SKU-1007,Dark Chocolate Bar,Snacks,120.0,27,3240.0,0
2025-03-25,STR-BLR-01,SKU-1007,Dark Chocolate Bar,Snacks,120.0,28,3360.0,0
2025-03-26,STR-BLR-01,SKU-1007,Dark Chocolate Bar,Snacks,120.0,34,4080.0,0
2025-03-27,STR-BLR-01,SKU-1007,Dark Chocolate Bar,Snacks,120.0,32,3840.0,0
2025-03-28,STR-BLR-01,SKU-1007,Dark Chocolate Bar,Snacks,120.0,49,5880.0,1
2025-03-29,STR-BLR-01,SKU-1007,Dark Chocolate Bar,Snacks,120.0,38,4560.0,0
2025-03-30,STR-BLR-01,SKU-1007,Dark Chocolate Bar,Snacks,120.0,68,8160.0,1
2025-03-31,STR-BLR-01,SKU-1007,Dark Chocolate Bar,Snacks,120.0,42,5040.0,0
2025-04-01,STR-BLR-01,SKU-1007,Dark Chocolate Bar,Snacks,120.0,45,5400.0,0
2025-04-02,STR-BLR-01,SKU-1007,Dark Chocolate Bar,Snacks,120.0,47,5640.0,1
2025-04-03,STR-BLR-01,SKU-1007,Dark Chocolate Bar,Snacks,120.0,46,5520.0,0
2025-04-04,STR-BLR-01,SKU-1007,Dark Chocolate Bar,Snacks,120.0,43,5160.0,0
2025-04-05,STR-BLR-01,SKU-1007,Dark Chocolate Bar,Snacks,120.0,56,6720.0,0
2025-04-06,STR-BLR-01,SKU-1007,Dark Chocolate Bar,Snacks,120.0,53,6360.0,0
2025-04-07,STR-BLR-01,SKU-1007,Dark Chocolate Bar,Snacks,120.0,46,5520.0,0
2025-04-08,STR-BLR-01,SKU-1007,Dark Chocolate Bar,Snacks,120.0,42,5040.0,0
2025-04-09,STR-BLR-01,SKU-1007,Dark Chocolate Bar,Snacks,120.0,47,5640.0,0
2025-04-10,STR-BLR-01,SKU-1007,Dark Chocolate Bar,Snacks,120.0,51,6120.0,0
2025-04-11,STR-BLR-01,SKU-1007,Dark Chocolate Bar,Snacks,120.0,52,6240.0,0
2025-04-12,STR-BLR-01,SKU-1007,Dark Chocolate Bar,Snacks,120.0,48,5760.0,0
2025-04-13,STR-BLR-01,SKU-1007,Dark Chocolate Bar,Snacks,120.0,59,7080.0,0
2025-04-14,STR-BLR-01,SKU-1007,Dark Chocolate Bar,Snacks,120.0,47,5640.0,0
2025-04-15,STR-BLR-01,SKU-1007,Dark Chocolate Bar,Snacks,120.0,39,4680.0,0
2025-04-16,STR-BLR-01,SKU-1007,Dark Chocolate Bar,Snacks,120.0,37,4440.0,0
2025-04-17,STR-BLR-01,SKU-1007,Dark Chocolate Bar,Snacks,120.0,38,4560.0,0
2025-04-18,STR-BLR-01,SKU-1007,Dark Chocolate Bar,Snacks,120.0,36,4320.0,0
2025-04-19,STR-BLR-01,SKU-1007,Dark Chocolate Bar,Snacks,120.0,42,5040.0,0
2025-04-20,STR-BLR-01,SKU-1007,Dark Chocolate Bar,Snacks,120.0,39,4680.0,0
2025-04-21,STR-BLR-01,SKU-1007,Dark Chocolate Bar,Snacks,120.0,34,4080.0,0
2025-04-22,STR-BLR-01,SKU-1007,Dark Chocolate Bar,Snacks,120.0,30,3600.0,0
2025-04-23,STR-BLR-01,SKU-1007,Dark Chocolate Bar,Snacks,120.0,35,4200.0,0
2025-04-24,STR-BLR-01,SKU-1007,Dark Chocolate Bar,Snacks,120.0,29,3480.0,0
2025-04-25,STR-BLR-01,SKU-1007,Dark Chocolate Bar,Snacks,120.0,37,4440.0,0
2025-04-26,STR-BLR-01,SKU-1007,Dark Chocolate Bar,Snacks,120.0,32,3840.0,0
2025-04-27,STR-BLR-01,SKU-1007,Dark Chocolate Bar,Snacks,120.0,34,4080.0,0
2025-04-28,STR-BLR-01,SKU-1007,Dark Chocolate Bar,Snacks,120.0,34,4080.0,0
2025-04-29,STR-BLR-01,SKU-1007,Dark Chocolate Bar,Snacks,120.0,36,4320.0,0
2025-04-30,STR-BLR-01,SKU-1007,Dark Chocolate Bar,Snacks,120.0,37,4440.0,0
2025-05-01,STR-BLR-01,SKU-1007,Dark Chocolate Bar,Snacks,120.0,39,4680.0,0
2025-05-02,STR-BLR-01,SKU-1007,Dark Chocolate Bar,Snacks,120.0,43,5160.0,0
2025-05-03,STR-BLR-01,SKU-1007,Dark Chocolate Bar,Snacks,120.0,44,5280.0,0
2025-05-04,STR-BLR-01,SKU-1007,Dark Chocolate Bar,Snacks,120.0,50,6000.0,0
2025-05-05,STR-BLR-01,SKU-1007,Dark Chocolate Bar,Snacks,120.0,36,4320.0,0
2025-05-06,STR-BLR-01,SKU-1007,Dark Chocolate Bar,Snacks,120.0,43,5160.0,0
2025-05-07,STR-BLR-01,SKU-1007,Dark Chocolate Bar,Snacks,120.0,40,4800.0,0
2025-05-08,STR-BLR-01,SKU-1007,Dark Chocolate Bar,Snacks,120.0,51,6120.0,0
2025-05-09,STR-BLR-01,SKU-1007,Dark Chocolate Bar,Snacks,120.0,44,5280.0,0
2025-05-10,STR-BLR-01,SKU-1007,Dark Chocolate Bar,Snacks,120.0,54,6480.0,0
2025-05-11,STR-BLR-01,SKU-1007,Dark Chocolate Bar,Snacks,120.0,43,5160.0,0
2025-05-12,STR-BLR-01,SKU-1007,Dark Chocolate Bar,Snacks,120.0,69,8280.0,1
2025-05-13,STR-BLR-01,SKU-1007,Dark Chocolate Bar,Snacks,120.0,44,5280.0,0
2025-05-14,STR-BLR-01,SKU-1007,Dark Chocolate Bar,Snacks,120.0,50,6000.0,0
2025-05-15,STR-BLR-01,SKU-1007,Dark Chocolate Bar,Snacks,120.0,42,5040.0,0
2025-05-16,STR-BLR-01,SKU-1007,Dark Chocolate Bar,Snacks,120.0,35,4200.0,0
2025-05-17,STR-BLR-01,SKU-1007,Dark Chocolate Bar,Snacks,120.0,39,4680.0,0
2025-05-18,STR-BLR-01,SKU-1007,Dark Chocolate Bar,Snacks,120.0,41,4920.0,0
2025-05-19,STR-BLR-01,SKU-1007,Dark Chocolate Bar,Snacks,120.0,33,3960.0,0
2025-05-20,STR-BLR-01,SKU-1007,Dark Chocolate Bar,Snacks,120.0,38,4560.0,0
2025-05-21,STR-BLR-01,SKU-1007,Dark Chocolate Bar,Snacks,120.0,35,4200.0,0
2025-05-22,STR-BLR-01,SKU-1007,Dark Chocolate Bar,Snacks,120.0,31,3720.0,0
2025-05-23,STR-BLR-01,SKU-1007,Dark Chocolate Bar,Snacks,120.0,36,4320.0,0
2025-05-24,STR-BLR-01,SKU-1007,Dark Chocolate Bar,Snacks,120.0,36,4320.0,0
2025-05-25,STR-BLR-01,SKU-1007,Dark Chocolate Bar,Snacks,120.0,40,4800.0,0
2025-05-26,STR-BLR-01,SKU-1007,Dark Chocolate Bar,Snacks,120.0,45,5400.0,1
2025-05-27,STR-BLR-01,SKU-1007,Dark Chocolate Bar,Snacks,120.0,37,4440.0,0
2025-05-28,STR-BLR-01,SKU-1007,Dark Chocolate Bar,Snacks,120.0,35,4200.0,0
2025-05-29,STR-BLR-01,SKU-1007,Dark Chocolate Bar,Snacks,120.0,41,4920.0,0
2025-05-30,STR-BLR-01,SKU-1007,Dark Chocolate Bar,Snacks,120.0,33,3960.0,0
2025-05-31,STR-BLR-01,SKU-1007,Dark Chocolate Bar,Snacks,120.0,40,4800.0,0
2025-06-01,STR-BLR-01,SKU-1007,Dark Chocolate Bar,Snacks,120.0,45,5400.0,0
2025-06-02,STR-BLR-01,SKU-1007,Dark Chocolate Bar,Snacks,120.0,41,4920.0,0
2025-06-03,STR-BLR-01,SKU-1007,Dark Chocolate Bar,Snacks,120.0,43,5160.0,0
2025-06-04,STR-BLR-01,SKU-1007,Dark Chocolate Bar,Snacks,120.0,48,5760.0,0
2025-06-05,STR-BLR-01,SKU-1007,Dark Chocolate Bar,Snacks,120.0,44,5280.0,0
2025-06-06,STR-BLR-01,SKU-1007,Dark Chocolate Bar,Snacks,120.0,48,5760.0,0
2025-06-07,STR-BLR-01,SKU-1007,Dark Chocolate Bar,Snacks,120.0,48,5760.0,0
2025-06-08,STR-BLR-01,SKU-1007,Dark Chocolate Bar,Snacks,120.0,43,5160.0,0
2025-06-09,STR-BLR-01,SKU-1007,Dark Chocolate Bar,Snacks,120.0,67,8040.0,1
2025-06-10,STR-BLR-01,SKU-1007,Dark Chocolate Bar,Snacks,120.0,53,6360.0,0
2025-06-11,STR-BLR-01,SKU-1007,Dark Chocolate Bar,Snacks,120.0,46,5520.0,0
2025-06-12,STR-BLR-01,SKU-1007,Dark Chocolate Bar,Snacks,120.0,44,5280.0,0
2025-06-13,STR-BLR-01,SKU-1007,Dark Chocolate Bar,Snacks,120.0,43,5160.0,0
2025-06-14,STR-BLR-01,SKU-1007,Dark Chocolate Bar,Snacks,120.0,51,6120.0,0
2025-06-15,STR-BLR-01,SKU-1007,Dark Chocolate Bar,Snacks,120.0,45,5400.0,0
2025-06-16,STR-BLR-01,SKU-1007,Dark Chocolate Bar,Snacks,120.0,42,5040.0,0
2025-06-17,STR-BLR-01,SKU-1007,Dark Chocolate Bar,Snacks,120.0,40,4800.0,0
2025-06-18,STR-BLR-01,SKU-1007,Dark Chocolate Bar,Snacks,120.0,40,4800.0,0
2025-06-19,STR-BLR-01,SKU-1007,Dark Chocolate Bar,Snacks,120.0,35,4200.0,0
2025-06-20,STR-BLR-01,SKU-1007,Dark Chocolate Bar,Snacks,120.0,33,3960.0,0
2025-06-21,STR-BLR-01,SKU-1007,Dark Chocolate Bar,Snacks,120.0,39,4680.0,0
2025-06-22,STR-BLR-01,SKU-1007,Dark Chocolate Bar,Snacks,120.0,55,6600.0,1
2025-06-23,STR-BLR-01,SKU-1007,Dark Chocolate Bar,Snacks,120.0,37,4440.0,0
2025-06-24,STR-BLR-01,SKU-1007,Dark Chocolate Bar,Snacks,120.0,38,4560.0,0
2025-06-25,STR-BLR-01,SKU-1007,Dark Chocolate Bar,Snacks,120.0,37,4440.0,0
2025-06-26,STR-BLR-01,SKU-1007,Dark Chocolate Bar,Snacks,120.0,34,4080.0,0
2025-06-27,STR-BLR-01,SKU-1007,Dark Chocolate Bar,Snacks,120.0,37,4440.0,0
2025-06-28,STR-BLR-01,SKU-1007,Dark Chocolate Bar,Snacks,120.0,42,5040.0,0
2025-06-29,STR-BLR-01,SKU-1007,Dark Chocolate Bar,Snacks,120.0,43,5160.0,0
2025-01-01,STR-BLR-01,SKU-1008,Olive Oil 1L,Grocery,550.0,51,28050.0,0
2025-01-02,STR-BLR-01,SKU-1008,Olive Oil 1L,Grocery,550.0,66,36300.0,1
2025-01-03,STR-BLR-01,SKU-1008,Olive Oil 1L,Grocery,550.0,41,22550.0,0
2025-01-04,STR-BLR-01,SKU-1008,Olive Oil 1L,Grocery,550.0,77,42350.0,1
2025-01-05,STR-BLR-01,SKU-1008,Olive Oil 1L,Grocery,550.0,53,29150.0,0
2025-01-06,STR-BLR-01,SKU-1008,Olive Oil 1L,Grocery,550.0,49,26950.0,0
2025-01-07,STR-BLR-01,SKU-1008,Olive Oil 1L,Grocery,550.0,54,29700.0,0
2025-01-08,STR-BLR-01,SKU-1008,Olive Oil 1L,Grocery,550.0,53,29150.0,0
2025-01-09,STR-BLR-01,SKU-1008,Olive Oil 1L,Grocery,550.0,56,30800.0,0
2025-01-10,STR-BLR-01,SKU-1008,Olive Oil 1L,Grocery,550.0,45,24750.0,0
2025-01-11,STR-BLR-01,SKU-1008,Olive Oil 1L,Grocery,550.0,59,32450.0,0
2025-01-12,STR-BLR-01,SKU-1008,Olive Oil 1L,Grocery,550.0,57,31350.0,0
2025-01-13,STR-BLR-01,SKU-1008,Olive Oil 1L,Grocery,550.0,52,28600.0,0
2025-01-14,STR-BLR-01,SKU-1008,Olive Oil 1L,Grocery,550.0,46,25300.0,0
2025-01-15,STR-BLR-01,SKU-1008,Olive Oil 1L,Grocery,550.0,54,29700.0,0
2025-01-16,STR-BLR-01,SKU-1008,Olive Oil 1L,Grocery,550.0,47,25850.0,0
2025-01-17,STR-BLR-01,SKU-1008,Olive Oil 1L,Grocery,550.0,43,23650.0,0
2025-01-18,STR-BLR-01,SKU-1008,Olive Oil 1L,Grocery,550.0,38,20900.0,0
2025-01-19,STR-BLR-01,SKU-1008,Olive Oil 1L,Grocery,550.0,43,23650.0,0
2025-01-20,STR-BLR-01,SKU-1008,Olive Oil 1L,Grocery,550.0,42,23100.0,0
2025-01-21,STR-BLR-01,SKU-1008,Olive Oil 1L,Grocery,550.0,44,24200.0,0
2025-01-22,STR-BLR-01,SKU-1008,Olive Oil 1L,Grocery,550.0,38,20900.0,0
2025-01-23,STR-BLR-01,SKU-1008,Olive Oil 1L,Grocery,550.0,43,23650.0,0
2025-01-24,STR-BLR-01,SKU-1008,Olive Oil 1L,Grocery,550.0,35,19250.0,0
2025-01-25,STR-BLR-01,SKU-1008,Olive Oil 1L,Grocery,550.0,43,23650.0,0
2025-01-26,STR-BLR-01,SKU-1008,Olive Oil 1L,Grocery,550.0,44,24200.0,0
2025-01-27,STR-BLR-01,SKU-1008,Olive Oil 1L,Grocery,550.0,42,23100.0,0
2025-01-28,STR-BLR-01,SKU-1008,Olive Oil 1L,Grocery,550.0,42,23100.0,0
2025-01-29,STR-BLR-01,SKU-1008,Olive Oil 1L,Grocery,550.0,44,24200.0,0
2025-01-30,STR-BLR-01,SKU-1008,Olive Oil 1L,Grocery,550.0,40,22000.0,0
2025-01-31,STR-BLR-01,SKU-1008,Olive Oil 1L,Grocery,550.0,50,27500.0,0
2025-02-01,STR-BLR-01,SKU-1008,Olive Oil 1L,Grocery,550.0,55,30250.0,0
2025-02-02,STR-BLR-01,SKU-1008,Olive Oil 1L,Grocery,550.0,54,29700.0,0
2025-02-03,STR-BLR-01,SKU-1008,Olive Oil 1L,Grocery,550.0,53,29150.0,0
2025-02-04,STR-BLR-01,SKU-1008,Olive Oil 1L,Grocery,550.0,56,30800.0,0
2025-02-05,STR-BLR-01,SKU-1008,Olive Oil 1L,Grocery,550.0,54,29700.0,0
2025-02-06,STR-BLR-01,SKU-1008,Olive Oil 1L,Grocery,550.0,61,33550.0,0
2025-02-07,STR-BLR-01,SKU-1008,Olive Oil 1L,Grocery,550.0,55,30250.0,0
2025-02-08,STR-BLR-01,SKU-1008,Olive Oil 1L,Grocery,550.0,53,29150.0,0
2025-02-09,STR-BLR-01,SKU-1008,Olive Oil 1L,Grocery,550.0,58,31900.0,0
2025-02-10,STR-BLR-01,SKU-1008,Olive Oil 1L,Grocery,550.0,56,30800.0,0
2025-02-11,STR-BLR-01,SKU-1008,Olive Oil 1L,Grocery,550.0,56,30800.0,0
2025-02-12,STR-BLR-01,SKU-1008,Olive Oil 1L,Grocery,550.0,50,27500.0,0
2025-02-13,STR-BLR-01,SKU-1008,Olive Oil 1L,Grocery,550.0,45,24750.0,0
2025-02-14,STR-BLR-01,SKU-1008,Olive Oil 1L,Grocery,550.0,46,25300.0,0
2025-02-15,STR-BLR-01,SKU-1008,Olive Oil 1L,Grocery,550.0,44,24200.0,0
2025-02-16,STR-BLR-01,SKU-1008,Olive Oil 1L,Grocery,550.0,51,28050.0,0
2025-02-17,STR-BLR-01,SKU-1008,Olive Oil 1L,Grocery,550.0,41,22550.0,0
2025-02-18,STR-BLR-01,SKU-1008,Olive Oil 1L,Grocery,550.0,39,21450.0,0
2025-02-19,STR-BLR-01,SKU-1008,Olive Oil 1L,Grocery,550.0,43,23650.0,0
2025-02-20,STR-BLR-01,SKU-1008,Olive Oil 1L,Grocery,550.0,44,24200.0,0
2025-02-21,STR-BLR-01,SKU-1008,Olive Oil 1L,Grocery,550.0,36,19800.0,0
2025-02-22,STR-BLR-01,SKU-1008,Olive Oil 1L,Grocery,550.0,42,23100.0,0
2025-02-23,STR-BLR-01,SKU-1008,Olive Oil 1L,Grocery,550.0,41,22550.0,0
2025-02-24,STR-BLR-01,SKU-1008,Olive Oil 1L,Grocery,550.0,43,23650.0,0
2025-02-25,STR-BLR-01,SKU-1008,Olive Oil 1L,Grocery,550.0,39,21450.0,0
2025-02-26,STR-BLR-01,SKU-1008,Olive Oil 1L,Grocery,550.0,37,20350.0,0
2025-02-27,STR-BLR-01,SKU-1008,Olive Oil 1L,Grocery,550.0,41,22550.0,0
2025-02-28,STR-BLR-01,SKU-1008,Olive Oil 1L,Grocery,550.0,63,34650.0,1
2025-03-01,STR-BLR-01,SKU-1008,Olive Oil 1L,Grocery,550.0,47,25850.0,0
2025-03-02,STR-BLR-01,SKU-1008,Olive Oil 1L,Grocery,550.0,47,25850.0,0
2025-03-03,STR-BLR-01,SKU-1008,Olive Oil 1L,Grocery,550.0,46,25300.0,0
2025-03-04,STR-BLR-01,SKU-1008,Olive Oil 1L,Grocery,550.0,45,24750.0,0
2025-03-05,STR-BLR-01,SKU-1008,Olive Oil 1L,Grocery,550.0,49,26950.0,0
2025-03-06,STR-BLR-01,SKU-1008,Olive Oil 1L,Grocery,550.0,49,26950.0,0
2025-03-07,STR-BLR-01,SKU-1008,Olive Oil 1L,Grocery,550.0,62,34100.0,0
2025-03-08,STR-BLR-01,SKU-1008,Olive Oil 1L,Grocery,550.0,48,26400.0,0
2025-03-09,STR-BLR-01,SKU-1008,Olive Oil 1L,Grocery,550.0,54,29700.0,0
2025-03-10,STR-BLR-01,SKU-1008,Olive Oil 1L,Grocery,550.0,68,37400.0,1
2025-03-11,STR-BLR-01,SKU-1008,Olive Oil 1L,Grocery,550.0,48,26400.0,0
2025-03-12,STR-BLR-01,SKU-1008,Olive Oil 1L,Grocery,550.0,53,29150.0,0
2025-03-13,STR-BLR-01,SKU-1008,Olive Oil 1L,Grocery,550.0,48,26400.0,0
2025-03-14,STR-BLR-01,SKU-1008,Olive Oil 1L,Grocery,550.0,44,24200.0,0
2025-03-15,STR-BLR-01,SKU-1008,Olive Oil 1L,Grocery,550.0,53,29150.0,0
2025-03-16,STR-BLR-01,SKU-1008,Olive Oil 1L,Grocery,550.0,68,37400.0,1
2025-03-17,STR-BLR-01,SKU-1008,Olive Oil 1L,Grocery,550.0,43,23650.0,0
2025-03-18,STR-BLR-01,SKU-1008,Olive Oil 1L,Grocery,550.0,49,26950.0,0
2025-03-19,STR-BLR-01,SKU-1008,Olive Oil 1L,Grocery,550.0,44,24200.0,0
2025-03-20,STR-BLR-01,SKU-1008,Olive Oil 1L,Grocery,550.0,42,23100.0,0
2025-03-21,STR-BLR-01,SKU-1008,Olive Oil 1L,Grocery,550.0,42,23100.0,0
2025-03-22,STR-BLR-01,SKU-1008,Olive Oil 1L,Grocery,550.0,45,24750.0,0
2025-03-23,STR-BLR-01,SKU-1008,Olive Oil 1L,Grocery,550.0,42,23100.0,0
2025-03-24,STR-BLR-01,SKU-1008,Olive Oil 1L,Grocery,550.0,36,19800.0,0
2025-03-25,STR-BLR-01,SKU-1008,Olive Oil 1L,Grocery,550.0,39,21450.0,0
2025-03-26,STR-BLR-01,SKU-1008,Olive Oil 1L,Grocery,550.0,38,20900.0,0
2025-03-27,STR-BLR-01,SKU-1008,Olive Oil 1L,Grocery,550.0,33,18150.0,0
2025-03-28,STR-BLR-01,SKU-1008,Olive Oil 1L,Grocery,550.0,37,20350.0,0
2025-03-29,STR-BLR-01,SKU-1008,Olive Oil 1L,Grocery,550.0,44,24200.0,0
2025-03-30,STR-BLR-01,SKU-1008,Olive Oil 1L,Grocery,550.0,50,27500.0,0
2025-03-31,STR-BLR-01,SKU-1008,Olive Oil 1L,Grocery,550.0,45,24750.0,0
2025-04-01,STR-BLR-01,SKU-1008,Olive Oil 1L,Grocery,550.0,42,23100.0,0
2025-04-02,STR-BLR-01,SKU-1008,Olive Oil 1L,Grocery,550.0,43,23650.0,0
2025-04-03,STR-BLR-01,SKU-1008,Olive Oil 1L,Grocery,550.0,53,29150.0,0
2025-04-04,STR-BLR-01,SKU-1008,Olive Oil 1L,Grocery,550.0,49,26950.0,0
2025-04-05,STR-BLR-01,SKU-1008,Olive Oil 1L,Grocery,550.0,43,23650.0,0
2025-04-06,STR-BLR-01,SKU-1008,Olive Oil 1L,Grocery,550.0,56,30800.0,0
2025-04-07,STR-BLR-01,SKU-1008,Olive Oil 1L,Grocery,550.0,55,30250.0,0
2025-04-08,STR-BLR-01,SKU-1008,Olive Oil 1L,Grocery,550.0,48,26400.0,0
2025-04-09,STR-BLR-01,SKU-1008,Olive Oil 1L,Grocery,550.0,53,29150.0,0
2025-04-10,STR-BLR-01,SKU-1008,Olive Oil 1L,Grocery,550.0,53,29150.0,0
2025-04-11,STR-BLR-01,SKU-1008,Olive Oil 1L,Grocery,550.0,47,25850.0,0
2025-04-12,STR-BLR-01,SKU-1008,Olive Oil 1L,Grocery,550.0,62,34100.0,0
2025-04-13,STR-BLR-01,SKU-1008,Olive Oil 1L,Grocery,550.0,55,30250.0,0
2025-04-14,STR-BLR-01,SKU-1008,Olive Oil 1L,Grocery,550.0,47,25850.0,0
2025-04-15,STR-BLR-01,SKU-1008,Olive Oil 1L,Grocery,550.0,47,25850.0,0
2025-04-16,STR-BLR-01,SKU-1008,Olive Oil 1L,Grocery,550.0,41,22550.0,0
2025-04-17,STR-BLR-01,SKU-1008,Olive Oil 1L,Grocery,550.0,40,22000.0,0
2025-04-18,STR-BLR-01,SKU-1008,Olive Oil 1L,Grocery,550.0,41,22550.0,0
2025-04-19,STR-BLR-01,SKU-1008,Olive Oil 1L,Grocery,550.0,44,24200.0,0
2025-04-20,STR-BLR-01,SKU-1008,Olive Oil 1L,Grocery,550.0,43,23650.0,0
2025-04-21,STR-BLR-01,SKU-1008,Olive Oil 1L,Grocery,550.0,59,32450.0,1
2025-04-22,STR-BLR-01,SKU-1008,Olive Oil 1L,Grocery,550.0,41,22550.0,0
2025-04-23,STR-BLR-01,SKU-1008,Olive Oil 1L,Grocery,550.0,33,18150.0,0
2025-04-24,STR-BLR-01,SKU-1008,Olive Oil 1L,Grocery,550.0,42,23100.0,0
2025-04-25,STR-BLR-01,SKU-1008,Olive Oil 1L,Grocery,550.0,51,28050.0,1
2025-04-26,STR-BLR-01,SKU-1008,Olive Oil 1L,Grocery,550.0,62,34100.0,1
2025-04-27,STR-BLR-01,SKU-1008,Olive Oil 1L,Grocery,550.0,43,23650.0,0
2025-04-28,STR-BLR-01,SKU-1008,Olive Oil 1L,Grocery,550.0,42,23100.0,0
2025-04-29,STR-BLR-01,SKU-1008,Olive Oil 1L,Grocery,550.0,39,21450.0,0
2025-04-30,STR-BLR-01,SKU-1008,Olive Oil 1L,Grocery,550.0,45,24750.0,0
2025-05-01,STR-BLR-01,SKU-1008,Olive Oil 1L,Grocery,550.0,49,26950.0,0
2025-05-02,STR-BLR-01,SKU-1008,Olive Oil 1L,Grocery,550.0,41,22550.0,0
2025-05-03,STR-BLR-01,SKU-1008,Olive Oil 1L,Grocery,550.0,57,31350.0,0
2025-05-04,STR-BLR-01,SKU-1008,Olive Oil 1L,Grocery,550.0,52,28600.0,0
2025-05-05,STR-BLR-01,SKU-1008,Olive Oil 1L,Grocery,550.0,58,31900.0,0
2025-05-06,STR-BLR-01,SKU-1008,Olive Oil 1L,Grocery,550.0,55,30250.0,0
2025-05-07,STR-BLR-01,SKU-1008,Olive Oil 1L,Grocery,550.0,55,30250.0,0
2025-05-08,STR-BLR-01,SKU-1008,Olive Oil 1L,Grocery,550.0,52,28600.0,0
2025-05-09,STR-BLR-01,SKU-1008,Olive Oil 1L,Grocery,550.0,87,47850.0,1
2025-05-10,STR-BLR-01,SKU-1008,Olive Oil 1L,Grocery,550.0,55,30250.0,0
2025-05-11,STR-BLR-01,SKU-1008,Olive Oil 1L,Grocery,550.0,52,28600.0,0
2025-05-12,STR-BLR-01,SKU-1008,Olive Oil 1L,Grocery,550.0,48,26400.0,0
2025-05-13,STR-BLR-01,SKU-1008,Olive Oil 1L,Grocery,550.0,74,40700.0,1
2025-05-14,STR-BLR-01,SKU-1008,Olive Oil 1L,Grocery,550.0,49,26950.0,0
2025-05-15,STR-BLR-01,SKU-1008,Olive Oil 1L,Grocery,550.0,47,25850.0,0
2025-05-16,STR-BLR-01,SKU-1008,Olive Oil 1L,Grocery,550.0,44,24200.0,0
2025-05-17,STR-BLR-01,SKU-1008,Olive Oil 1L,Grocery,550.0,48,26400.0,0
2025-05-18,STR-BLR-01,SKU-1008,Olive Oil 1L,Grocery,550.0,45,24750.0,0
2025-05-19,STR-BLR-01,SKU-1008,Olive Oil 1L,Grocery,550.0,44,24200.0,0
2025-05-20,STR-BLR-01,SKU-1008,Olive Oil 1L,Grocery,550.0,40,22000.0,0
2025-05-21,STR-BLR-01,SKU-1008,Olive Oil 1L,Grocery,550.0,38,20900.0,0
2025-05-22,STR-BLR-01,SKU-1008,Olive Oil 1L,Grocery,550.0,42,23100.0,0
2025-05-23,STR-BLR-01,SKU-1008,Olive Oil 1L,Grocery,550.0,36,19800.0,0
2025-05-24,STR-BLR-01,SKU-1008,Olive Oil 1L,Grocery,550.0,43,23650.0,0
2025-05-25,STR-BLR-01,SKU-1008,Olive Oil 1L,Grocery,550.0,49,26950.0,1
2025-05-26,STR-BLR-01,SKU-1008,Olive Oil 1L,Grocery,550.0,35,19250.0,0
2025-05-27,STR-BLR-01,SKU-1008,Olive Oil 1L,Grocery,550.0,39,21450.0,0
2025-05-28,STR-BLR-01,SKU-1008,Olive Oil 1L,Grocery,550.0,54,29700.0,1
2025-05-29,STR-BLR-01,SKU-1008,Olive Oil 1L,Grocery,550.0,41,22550.0,0
2025-05-30,STR-BLR-01,SKU-1008,Olive Oil 1L,Grocery,550.0,47,25850.0,0
2025-05-31,STR-BLR-01,SKU-1008,Olive Oil 1L,Grocery,550.0,54,29700.0,0
2025-06-01,STR-BLR-01,SKU-1008,Olive Oil 1L,Grocery,550.0,53,29150.0,0
2025-06-02,STR-BLR-01,SKU-1008,Olive Oil 1L,Grocery,550.0,45,24750.0,0
2025-06-03,STR-BLR-01,SKU-1008,Olive Oil 1L,Grocery,550.0,50,27500.0,0
2025-06-04,STR-BLR-01,SKU-1008,Olive Oil 1L,Grocery,550.0,59,32450.0,0
2025-06-05,STR-BLR-01,SKU-1008,Olive Oil 1L,Grocery,550.0,63,34650.0,0
2025-06-06,STR-BLR-01,SKU-1008,Olive Oil 1L,Grocery,550.0,57,31350.0,0
2025-06-07,STR-BLR-01,SKU-1008,Olive Oil 1L,Grocery,550.0,54,29700.0,0
2025-06-08,STR-BLR-01,SKU-1008,Olive Oil 1L,Grocery,550.0,58,31900.0,0
2025-06-09,STR-BLR-01,SKU-1008,Olive Oil 1L,Grocery,550.0,54,29700.0,0
2025-06-10,STR-BLR-01,SKU-1008,Olive Oil 1L,Grocery,550.0,53,29150.0,0
2025-06-11,STR-BLR-01,SKU-1008,Olive Oil 1L,Grocery,550.0,76,41800.0,1
2025-06-12,STR-BLR-01,SKU-1008,Olive Oil 1L,Grocery,550.0,53,29150.0,0
2025-06-13,STR-BLR-01,SKU-1008,Olive Oil 1L,Grocery,550.0,45,24750.0,0
2025-06-14,STR-BLR-01,SKU-1008,Olive Oil 1L,Grocery,550.0,49,26950.0,0
2025-06-15,STR-BLR-01,SKU-1008,Olive Oil 1L,Grocery,550.0,54,29700.0,0
2025-06-16,STR-BLR-01,SKU-1008,Olive Oil 1L,Grocery,550.0,50,27500.0,0
2025-06-17,STR-BLR-01,SKU-1008,Olive Oil 1L,Grocery,550.0,44,24200.0,0
2025-06-18,STR-BLR-01,SKU-1008,Olive Oil 1L,Grocery,550.0,64,35200.0,1
2025-06-19,STR-BLR-01,SKU-1008,Olive Oil 1L,Grocery,550.0,41,22550.0,0
2025-06-20,STR-BLR-01,SKU-1008,Olive Oil 1L,Grocery,550.0,37,20350.0,0
2025-06-21,STR-BLR-01,SKU-1008,Olive Oil 1L,Grocery,550.0,45,24750.0,0
2025-06-22,STR-BLR-01,SKU-1008,Olive Oil 1L,Grocery,550.0,53,29150.0,0
2025-06-23,STR-BLR-01,SKU-1008,Olive Oil 1L,Grocery,550.0,35,19250.0,0
2025-06-24,STR-BLR-01,SKU-1008,Olive Oil 1L,Grocery,550.0,44,24200.0,0
2025-06-25,STR-BLR-01,SKU-1008,Olive Oil 1L,Grocery,550.0,42,23100.0,0
2025-06-26,STR-BLR-01,SKU-1008,Olive Oil 1L,Grocery,550.0,39,21450.0,0
2025-06-27,STR-BLR-01,SKU-1008,Olive Oil 1L,Grocery,550.0,48,26400.0,1
2025-06-28,STR-BLR-01,SKU-1008,Olive Oil 1L,Grocery,550.0,39,21450.0,0
2025-06-29,STR-BLR-01,SKU-1008,Olive Oil 1L,Grocery,550.0,47,25850.0,0
